Date,Price,Open,High,Low,Vol.,Change %
04-Mar-20,1381.60 ,1358.08 ,1382.32 ,1339.48 ,2.38M,3.28%
03-Mar-20,1337.72 ,1396.85 ,1408.19 ,1329.49 ,2.83M,-3.51%
02-Mar-20,1386.32 ,1351.39 ,1387.46 ,1325.68 ,2.77M,3.51%
28-Feb-20,1339.25 ,1270.47 ,1339.25 ,1268.21 ,4.01M,1.85%
27-Feb-20,1314.95 ,1359.14 ,1369.40 ,1314.24 ,3.11M,-5.43%
26-Feb-20,1390.47 ,1394.98 ,1413.67 ,1376.55 ,2.49M,0.30%
25-Feb-20,1386.32 ,1431.00 ,1436.85 ,1380.42 ,2.58M,-2.36%
24-Feb-20,1419.86 ,1423.05 ,1436.38 ,1406.79 ,2.48M,-4.29%
21-Feb-20,1483.46 ,1504.58 ,1510.94 ,1478.49 ,2.13M,-2.21%
20-Feb-20,1516.99 ,1519.01 ,1527.07 ,1504.26 ,1.30M,-0.52%
19-Feb-20,1524.87 ,1527.20 ,1530.74 ,1520.98 ,1.14M,0.36%
18-Feb-20,1519.44 ,1514.34 ,1530.56 ,1511.01 ,1.28M,0.05%
14-Feb-20,1518.73 ,1514.53 ,1520.05 ,1505.55 ,1.16M,0.35%
13-Feb-20,1513.39 ,1510.00 ,1525.95 ,1504.00 ,1.15M,-0.35%
12-Feb-20,1518.63 ,1515.86 ,1520.30 ,1508.67 ,1.55M,0.57%
11-Feb-20,1510.06 ,1513.27 ,1529.88 ,1505.45 ,1.74M,0.09%
10-Feb-20,1508.66 ,1477.23 ,1508.88 ,1475.20 ,1.92M,2.00%
07-Feb-20,1479.11 ,1467.38 ,1485.24 ,1465.41 ,1.42M,0.21%
06-Feb-20,1475.97 ,1451.98 ,1481.56 ,1450.48 ,1.89M,2.07%
05-Feb-20,1446.05 ,1463.61 ,1464.58 ,1429.67 ,1.82M,0.04%
04-Feb-20,1445.41 ,1454.49 ,1467.34 ,1422.03 ,4.79M,-2.51%
03-Feb-20,1482.60 ,1461.65 ,1486.30 ,1456.61 ,3.61M,3.48%
31-Jan-20,1432.78 ,1467.86 ,1469.67 ,1427.06 ,2.19M,-1.48%
30-Jan-20,1454.25 ,1438.10 ,1455.25 ,1435.00 ,1.36M,-0.17%
29-Jan-20,1456.70 ,1458.46 ,1464.14 ,1445.38 ,1.08M,0.43%
28-Jan-20,1450.50 ,1441.74 ,1454.80 ,1430.36 ,1.49M,1.31%
27-Jan-20,1431.73 ,1431.54 ,1436.58 ,1419.50 ,1.71M,-2.35%
24-Jan-20,1466.17 ,1492.82 ,1494.20 ,1463.18 ,1.49M,-1.25%
23-Jan-20,1484.69 ,1487.55 ,1493.50 ,1480.32 ,1.33M,0.04%
22-Jan-20,1484.17 ,1489.73 ,1500.58 ,1482.66 ,1.42M,0.13%
21-Jan-20,1482.25 ,1479.00 ,1489.88 ,1470.21 ,2.45M,0.18%
17-Jan-20,1479.52 ,1462.54 ,1480.55 ,1456.55 ,2.62M,2.02%
16-Jan-20,1450.16 ,1445.45 ,1450.70 ,1440.00 ,1.30M,0.76%
15-Jan-20,1439.20 ,1433.02 ,1440.78 ,1431.66 ,1.08M,0.60%
14-Jan-20,1430.59 ,1440.00 ,1442.63 ,1427.77 ,1.31M,-0.66%
13-Jan-20,1440.03 ,1435.25 ,1441.48 ,1425.37 ,1.54M,0.77%
10-Jan-20,1428.96 ,1429.47 ,1434.94 ,1419.60 ,1.31M,0.65%
09-Jan-20,1419.79 ,1421.93 ,1428.68 ,1410.21 ,1.66M,1.05%
08-Jan-20,1405.04 ,1394.82 ,1411.85 ,1392.63 ,1.77M,0.71%
07-Jan-20,1395.11 ,1400.46 ,1403.50 ,1391.56 ,1.73M,-0.19%
06-Jan-20,1397.81 ,1351.63 ,1398.32 ,1351.00 ,2.34M,2.67%
03-Jan-20,1361.52 ,1348.00 ,1373.75 ,1347.32 ,1.17M,-0.52%
02-Jan-20,1368.68 ,1348.41 ,1368.68 ,1346.49 ,1.36M,2.19%
31-Dec-19,1339.39 ,1335.79 ,1340.66 ,1332.13 ,976.06K,-0.02%
30-Dec-19,1339.71 ,1356.81 ,1357.00 ,1337.84 ,1.00M,-1.10%
27-Dec-19,1354.64 ,1364.00 ,1367.07 ,1353.00 ,1.16M,-0.57%
26-Dec-19,1362.47 ,1346.55 ,1363.20 ,1345.51 ,1.18M,1.34%
24-Dec-19,1344.43 ,1350.21 ,1352.01 ,1344.16 ,673.41K,-0.46%
23-Dec-19,1350.63 ,1358.73 ,1361.85 ,1348.00 ,996.97K,-0.04%
20-Dec-19,1351.22 ,1363.10 ,1364.00 ,1350.73 ,2.51M,-0.38%
19-Dec-19,1356.44 ,1351.91 ,1357.53 ,1348.75 ,1.52M,0.34%
18-Dec-19,1351.91 ,1357.00 ,1359.43 ,1350.46 ,1.17M,-0.22%
17-Dec-19,1354.89 ,1362.41 ,1364.33 ,1350.77 ,1.65M,-0.43%
16-Dec-19,1360.70 ,1355.00 ,1363.53 ,1350.61 ,1.41M,1.03%
13-Dec-19,1346.87 ,1347.90 ,1351.35 ,1341.66 ,1.66M,-0.12%
12-Dec-19,1348.49 ,1343.21 ,1354.58 ,1338.20 ,1.46M,0.32%
11-Dec-19,1344.25 ,1348.30 ,1349.89 ,1341.10 ,1.02M,0.10%
10-Dec-19,1342.89 ,1339.94 ,1348.00 ,1334.00 ,880.43K,-0.01%
09-Dec-19,1342.99 ,1338.86 ,1357.55 ,1336.07 ,1.56M,0.27%
06-Dec-19,1339.39 ,1332.75 ,1342.47 ,1331.23 ,1.65M,0.94%
05-Dec-19,1326.96 ,1327.00 ,1327.98 ,1314.32 ,1.22M,0.61%
04-Dec-19,1318.94 ,1306.10 ,1324.27 ,1303.05 ,1.78M,1.87%
03-Dec-19,1294.74 ,1278.66 ,1297.23 ,1277.05 ,1.48M,0.46%
02-Dec-19,1288.86 ,1302.56 ,1305.44 ,1280.38 ,1.33M,-1.17%
29-Nov-19,1304.09 ,1306.60 ,1309.95 ,1303.23 ,640.07K,-0.61%
27-Nov-19,1312.13 ,1315.42 ,1317.64 ,1309.47 ,940.54K,-0.07%
26-Nov-19,1313.00 ,1309.91 ,1314.01 ,1304.04 ,1.10M,0.56%
25-Nov-19,1305.64 ,1296.26 ,1310.41 ,1295.61 ,1.18M,0.93%
22-Nov-19,1293.67 ,1303.00 ,1306.90 ,1289.36 ,1.39M,-0.50%
21-Nov-19,1300.14 ,1299.25 ,1311.12 ,1290.75 ,1.28M,-0.13%
20-Nov-19,1301.86 ,1311.36 ,1313.21 ,1289.21 ,1.45M,-0.82%
19-Nov-19,1312.59 ,1326.63 ,1326.63 ,1311.77 ,1.09M,-0.55%
18-Nov-19,1319.84 ,1332.34 ,1333.92 ,1316.16 ,1.40M,-1.03%
15-Nov-19,1333.54 ,1315.05 ,1333.54 ,1311.89 ,1.96M,1.86%
14-Nov-19,1309.15 ,1295.00 ,1315.72 ,1293.94 ,1.45M,1.00%
13-Nov-19,1296.18 ,1293.18 ,1302.52 ,1292.15 ,936.09K,-0.08%
12-Nov-19,1297.21 ,1298.57 ,1309.35 ,1294.24 ,1.44M,-0.08%
11-Nov-19,1298.28 ,1304.00 ,1304.90 ,1295.87 ,861.86K,-0.82%
08-Nov-19,1309.00 ,1301.52 ,1317.11 ,1301.52 ,1.52M,0.16%
07-Nov-19,1306.94 ,1294.28 ,1322.65 ,1293.75 ,2.26M,1.23%
06-Nov-19,1291.01 ,1290.09 ,1292.99 ,1282.27 ,1.23M,-0.03%
05-Nov-19,1291.44 ,1291.20 ,1297.24 ,1289.38 ,1.26M,0.14%
04-Nov-19,1289.61 ,1276.11 ,1292.50 ,1276.11 ,1.53M,1.36%
01-Nov-19,1272.25 ,1265.80 ,1273.00 ,1259.71 ,1.44M,1.07%
31-Oct-19,1258.80 ,1260.00 ,1266.52 ,1249.48 ,1.60M,-0.15%
30-Oct-19,1260.70 ,1255.15 ,1268.02 ,1250.65 ,1.46M,0.00%
29-Oct-19,1260.66 ,1276.00 ,1280.80 ,1255.61 ,2.63M,-2.20%
28-Oct-19,1288.98 ,1275.00 ,1299.24 ,1272.31 ,3.27M,1.95%
25-Oct-19,1264.30 ,1252.00 ,1268.00 ,1249.15 ,1.36M,0.41%
24-Oct-19,1259.11 ,1259.11 ,1262.90 ,1252.35 ,1.14M,0.12%
23-Oct-19,1257.63 ,1240.21 ,1258.04 ,1240.21 ,1.18M,1.32%
22-Oct-19,1241.20 ,1244.48 ,1248.73 ,1239.85 ,1.28M,-0.25%
21-Oct-19,1244.28 ,1248.70 ,1253.51 ,1239.99 ,1.03M,-0.01%
18-Oct-19,1244.41 ,1254.69 ,1258.11 ,1240.14 ,1.58M,-0.67%
17-Oct-19,1252.80 ,1251.40 ,1263.75 ,1249.87 ,1.06M,0.79%
16-Oct-19,1243.00 ,1241.81 ,1254.19 ,1238.53 ,1.15M,0.06%
15-Oct-19,1242.24 ,1221.50 ,1247.12 ,1220.92 ,1.53M,2.01%
14-Oct-19,1217.77 ,1213.89 ,1225.88 ,1211.88 ,683.93K,0.17%
11-Oct-19,1215.71 ,1224.03 ,1228.75 ,1213.64 ,1.13M,0.52%
10-Oct-19,1209.47 ,1198.60 ,1215.62 ,1197.86 ,668.24K,0.59%
09-Oct-19,1202.40 ,1201.33 ,1208.46 ,1198.12 ,813.22K,1.03%
08-Oct-19,1190.13 ,1198.77 ,1206.87 ,1189.48 ,1.03M,-1.50%
07-Oct-19,1208.25 ,1207.00 ,1218.91 ,1204.36 ,879.02K,-0.22%
04-Oct-19,1210.96 ,1194.29 ,1212.46 ,1190.97 ,1.23M,1.81%
03-Oct-19,1189.43 ,1183.34 ,1191.00 ,1163.14 ,1.47M,0.98%
02-Oct-19,1177.92 ,1196.50 ,1198.76 ,1172.63 ,1.67M,-2.33%
01-Oct-19,1206.00 ,1222.49 ,1232.86 ,1205.55 ,1.28M,-1.24%
30-Sep-19,1221.14 ,1220.60 ,1227.40 ,1213.42 ,1.29M,-0.39%
27-Sep-19,1225.95 ,1242.83 ,1244.99 ,1215.20 ,1.72M,-1.32%
26-Sep-19,1242.29 ,1242.14 ,1244.67 ,1231.82 ,1.17M,-0.29%
25-Sep-19,1245.94 ,1216.01 ,1248.02 ,1209.20 ,1.36M,2.27%
24-Sep-19,1218.33 ,1240.00 ,1247.11 ,1210.64 ,1.84M,-1.33%
23-Sep-19,1234.69 ,1226.57 ,1239.68 ,1223.78 ,1.20M,0.39%
20-Sep-19,1229.84 ,1233.64 ,1242.80 ,1223.58 ,1.94M,-0.72%
19-Sep-19,1238.75 ,1232.32 ,1244.34 ,1232.31 ,847.00K,0.49%
18-Sep-19,1232.65 ,1230.24 ,1236.24 ,1216.47 ,892.79K,0.23%
17-Sep-19,1229.88 ,1231.63 ,1235.00 ,1223.35 ,1.05M,-0.14%
16-Sep-19,1231.63 ,1230.44 ,1239.02 ,1225.19 ,1.41M,-0.68%
13-Sep-19,1240.03 ,1232.11 ,1241.05 ,1227.08 ,1.18M,0.41%
12-Sep-19,1234.97 ,1223.47 ,1242.41 ,1222.56 ,1.58M,1.23%
11-Sep-19,1220.00 ,1203.89 ,1222.47 ,1202.28 ,1.18M,1.19%
10-Sep-19,1205.70 ,1196.09 ,1210.00 ,1196.01 ,1.40M,0.04%
09-Sep-19,1205.27 ,1207.08 ,1220.55 ,1193.17 ,1.59M,-0.09%
06-Sep-19,1206.32 ,1209.14 ,1212.94 ,1203.26 ,948.58K,-0.48%
05-Sep-19,1212.19 ,1193.66 ,1214.00 ,1192.69 ,1.32M,2.53%
04-Sep-19,1182.27 ,1179.45 ,1184.88 ,1171.53 ,1.07M,1.09%
03-Sep-19,1169.55 ,1181.85 ,1189.08 ,1163.71 ,1.30M,-1.76%
30-Aug-19,1190.53 ,1200.35 ,1200.35 ,1185.72 ,903.38K,-0.31%
29-Aug-19,1194.24 ,1186.42 ,1199.19 ,1185.28 ,982.10K,1.75%
28-Aug-19,1173.75 ,1164.87 ,1178.50 ,1160.25 ,840.83K,0.25%
27-Aug-19,1170.82 ,1183.00 ,1185.00 ,1164.56 ,1.17M,-0.03%
26-Aug-19,1171.18 ,1159.45 ,1171.86 ,1154.85 ,1.06M,1.53%
23-Aug-19,1153.58 ,1185.17 ,1195.67 ,1150.00 ,1.81M,-3.18%
22-Aug-19,1191.52 ,1193.80 ,1198.78 ,1178.91 ,867.92K,-0.01%
21-Aug-19,1191.58 ,1195.82 ,1200.56 ,1187.92 ,708.27K,0.68%
20-Aug-19,1183.53 ,1195.35 ,1198.00 ,1183.05 ,1.01M,-1.41%
19-Aug-19,1200.44 ,1191.83 ,1209.39 ,1190.40 ,1.22M,1.80%
16-Aug-19,1179.21 ,1180.79 ,1183.84 ,1173.00 ,1.27M,0.85%
15-Aug-19,1169.32 ,1168.43 ,1176.42 ,1163.00 ,1.43M,0.44%
14-Aug-19,1164.25 ,1176.07 ,1182.79 ,1161.07 ,1.77M,-2.71%
13-Aug-19,1196.73 ,1174.35 ,1205.43 ,1172.99 ,1.43M,1.89%
12-Aug-19,1174.50 ,1180.00 ,1185.61 ,1168.72 ,1.10M,-1.21%
09-Aug-19,1188.90 ,1199.99 ,1204.46 ,1184.89 ,1.02M,-1.43%
08-Aug-19,1206.19 ,1186.43 ,1206.28 ,1174.00 ,1.51M,2.58%
07-Aug-19,1175.91 ,1157.80 ,1179.87 ,1150.84 ,1.53M,0.41%
06-Aug-19,1171.08 ,1165.52 ,1181.40 ,1161.53 ,1.80M,1.41%
05-Aug-19,1154.75 ,1172.97 ,1176.88 ,1142.75 ,2.39M,-3.47%
02-Aug-19,1196.32 ,1203.00 ,1209.50 ,1190.00 ,1.75M,-1.28%
01-Aug-19,1211.78 ,1217.63 ,1236.30 ,1207.00 ,1.77M,-0.53%
31-Jul-19,1218.20 ,1224.87 ,1234.91 ,1208.18 ,2.00M,-0.80%
30-Jul-19,1228.00 ,1227.00 ,1236.91 ,1225.32 ,1.43M,-1.11%
29-Jul-19,1241.84 ,1242.50 ,1248.99 ,1230.20 ,2.07M,-0.27%
26-Jul-19,1245.22 ,1228.00 ,1268.39 ,1228.00 ,6.06M,9.62%
25-Jul-19,1135.94 ,1138.95 ,1143.59 ,1123.71 ,2.74M,-0.33%
24-Jul-19,1139.73 ,1132.62 ,1145.45 ,1128.51 ,1.36M,-0.72%
23-Jul-19,1148.05 ,1143.45 ,1148.86 ,1132.85 ,1.03M,0.78%
22-Jul-19,1139.21 ,1135.47 ,1140.02 ,1125.21 ,1.45M,0.68%
19-Jul-19,1131.55 ,1149.32 ,1151.58 ,1131.25 ,1.16M,-1.37%
18-Jul-19,1147.24 ,1142.00 ,1148.17 ,1132.86 ,1.27M,0.04%
17-Jul-19,1146.74 ,1150.92 ,1158.44 ,1146.62 ,976.89K,-0.58%
16-Jul-19,1153.46 ,1146.73 ,1158.58 ,1146.73 ,1.27M,0.26%
15-Jul-19,1150.51 ,1145.34 ,1150.68 ,1140.00 ,1.06M,0.45%
12-Jul-19,1145.34 ,1142.93 ,1147.50 ,1138.56 ,1.09M,0.11%
11-Jul-19,1144.08 ,1146.16 ,1153.24 ,1139.53 ,1.30M,0.28%
10-Jul-19,1140.91 ,1132.32 ,1142.34 ,1130.66 ,1.54M,1.48%
09-Jul-19,1124.29 ,1110.32 ,1127.86 ,1107.15 ,1.47M,0.67%
08-Jul-19,1116.79 ,1125.87 ,1127.21 ,1111.76 ,1.49M,-1.40%
05-Jul-19,1132.66 ,1119.37 ,1134.65 ,1117.50 ,1.49M,0.86%
03-Jul-19,1122.99 ,1118.50 ,1127.99 ,1114.85 ,1.01M,0.93%
02-Jul-19,1112.60 ,1104.83 ,1112.89 ,1099.67 ,1.03M,1.15%
01-Jul-19,1100.00 ,1101.04 ,1108.59 ,1095.33 ,1.46M,1.59%
28-Jun-19,1082.80 ,1077.23 ,1082.80 ,1073.80 ,1.68M,0.57%
27-Jun-19,1076.63 ,1086.75 ,1088.46 ,1075.85 ,1.20M,-0.34%
26-Jun-19,1080.32 ,1091.00 ,1095.12 ,1073.69 ,1.73M,-0.67%
25-Jun-19,1087.58 ,1115.08 ,1115.70 ,1084.60 ,1.58M,-2.61%
24-Jun-19,1116.70 ,1120.00 ,1123.57 ,1113.31 ,1.21M,-0.77%
21-Jun-19,1125.37 ,1109.86 ,1126.57 ,1109.72 ,2.54M,1.09%
20-Jun-19,1113.20 ,1121.70 ,1122.72 ,1107.00 ,1.20M,0.79%
19-Jun-19,1104.51 ,1107.24 ,1109.43 ,1096.03 ,1.34M,-0.07%
18-Jun-19,1105.24 ,1111.50 ,1118.78 ,1100.79 ,1.73M,1.04%
17-Jun-19,1093.89 ,1089.10 ,1101.28 ,1088.00 ,988.49K,0.70%
14-Jun-19,1086.30 ,1089.74 ,1094.76 ,1081.48 ,1.23M,-0.43%
13-Jun-19,1091.01 ,1084.71 ,1096.59 ,1082.57 ,1.04M,1.10%
12-Jun-19,1079.10 ,1079.95 ,1082.52 ,1069.60 ,1.18M,-0.18%
11-Jun-19,1081.04 ,1096.99 ,1104.01 ,1079.57 ,1.68M,-0.16%
10-Jun-19,1082.76 ,1077.00 ,1094.84 ,1075.28 ,1.43M,1.35%
07-Jun-19,1068.37 ,1054.28 ,1073.43 ,1051.15 ,2.19M,1.97%
06-Jun-19,1047.76 ,1046.21 ,1050.00 ,1035.51 ,1.45M,0.30%
05-Jun-19,1044.64 ,1055.00 ,1056.81 ,1033.00 ,2.35M,-0.93%
04-Jun-19,1054.49 ,1044.49 ,1058.44 ,1036.03 ,3.03M,1.52%
03-Jun-19,1038.74 ,1066.93 ,1067.00 ,1027.03 ,4.84M,-6.12%
31-May-19,1106.50 ,1105.64 ,1113.40 ,1103.35 ,1.58M,-1.33%
30-May-19,1121.41 ,1120.15 ,1126.80 ,1115.90 ,904.42K,0.13%
29-May-19,1119.94 ,1132.70 ,1135.00 ,1111.95 ,1.81M,-1.72%
28-May-19,1139.56 ,1141.48 ,1156.49 ,1138.67 ,1.05M,0.08%
24-May-19,1138.61 ,1152.00 ,1154.36 ,1136.71 ,927.65K,-0.59%
23-May-19,1145.34 ,1146.07 ,1150.05 ,1133.16 ,1.26M,-0.91%
22-May-19,1155.85 ,1151.25 ,1163.78 ,1151.00 ,941.28K,0.12%
21-May-19,1154.44 ,1154.48 ,1158.00 ,1143.31 ,1.03M,0.85%
20-May-19,1144.66 ,1153.00 ,1153.00 ,1138.13 ,1.53M,-2.06%
17-May-19,1168.78 ,1175.83 ,1186.29 ,1166.42 ,1.27M,-1.33%
16-May-19,1184.50 ,1171.84 ,1194.16 ,1168.45 ,1.77M,1.17%
15-May-19,1170.80 ,1122.55 ,1178.30 ,1121.40 ,2.97M,4.08%
14-May-19,1124.86 ,1142.32 ,1144.87 ,1123.53 ,2.02M,-1.03%
13-May-19,1136.59 ,1145.24 ,1151.97 ,1125.50 ,2.28M,-2.66%
10-May-19,1167.64 ,1168.84 ,1176.28 ,1146.37 ,1.58M,-0.03%
09-May-19,1167.97 ,1162.60 ,1174.07 ,1154.64 ,1.48M,-0.24%
08-May-19,1170.78 ,1177.29 ,1184.27 ,1167.63 ,1.28M,-0.69%
07-May-19,1178.86 ,1185.81 ,1194.77 ,1165.00 ,1.83M,-1.22%
06-May-19,1193.46 ,1172.00 ,1195.43 ,1171.15 ,1.59M,0.33%
03-May-19,1189.55 ,1177.41 ,1191.40 ,1173.55 ,2.08M,1.98%
02-May-19,1166.51 ,1172.60 ,1179.38 ,1158.33 ,2.25M,-0.58%
01-May-19,1173.32 ,1197.50 ,1199.25 ,1171.67 ,3.72M,-2.14%
30-Apr-19,1198.96 ,1190.63 ,1200.98 ,1183.00 ,6.66M,-7.50%
29-Apr-19,1296.20 ,1280.51 ,1296.97 ,1271.71 ,3.62M,1.47%
26-Apr-19,1277.42 ,1273.38 ,1278.91 ,1265.00 ,1.36M,0.80%
25-Apr-19,1267.34 ,1270.30 ,1272.80 ,1258.00 ,1.57M,0.58%
24-Apr-19,1260.05 ,1270.59 ,1274.00 ,1259.81 ,1.17M,-0.83%
23-Apr-19,1270.59 ,1256.64 ,1274.43 ,1251.97 ,1.59M,1.34%
22-Apr-19,1253.76 ,1236.67 ,1254.34 ,1233.37 ,954.42K,0.99%
18-Apr-19,1241.47 ,1245.00 ,1245.94 ,1239.41 ,1.24M,0.11%
17-Apr-19,1240.14 ,1237.00 ,1245.10 ,1232.90 ,1.52M,0.67%
16-Apr-19,1231.91 ,1230.00 ,1235.98 ,1225.04 ,1.13M,0.44%
15-Apr-19,1226.53 ,1224.09 ,1229.30 ,1214.56 ,1.19M,0.31%
12-Apr-19,1222.73 ,1215.62 ,1223.05 ,1213.29 ,1.22M,1.09%
11-Apr-19,1209.59 ,1208.90 ,1212.74 ,1204.54 ,849.95K,0.26%
10-Apr-19,1206.45 ,1205.09 ,1208.94 ,1200.66 ,775.46K,0.31%
09-Apr-19,1202.69 ,1201.89 ,1207.15 ,1198.38 ,983.84K,-0.46%
08-Apr-19,1208.28 ,1211.11 ,1213.95 ,1204.69 ,1.09M,-0.26%
05-Apr-19,1211.45 ,1219.30 ,1220.39 ,1210.03 ,1.00M,-0.66%
04-Apr-19,1219.45 ,1211.29 ,1220.55 ,1209.04 ,1.05M,0.71%
03-Apr-19,1210.81 ,1212.70 ,1220.60 ,1205.08 ,1.11M,0.44%
02-Apr-19,1205.54 ,1200.05 ,1205.81 ,1191.24 ,914.41K,0.55%
01-Apr-19,1198.98 ,1187.54 ,1200.20 ,1186.36 ,1.39M,1.88%
29-Mar-19,1176.89 ,1180.18 ,1183.97 ,1166.38 ,1.54M,0.39%
28-Mar-19,1172.27 ,1175.50 ,1177.25 ,1163.43 ,1.12M,-0.49%
27-Mar-19,1178.01 ,1191.92 ,1191.92 ,1164.23 ,1.47M,-0.99%
26-Mar-19,1189.84 ,1205.19 ,1207.65 ,1181.76 ,1.54M,-0.63%
25-Mar-19,1197.38 ,1199.56 ,1209.44 ,1190.00 ,1.38M,-0.85%
22-Mar-19,1207.65 ,1228.85 ,1233.63 ,1206.00 ,1.72M,-2.30%
21-Mar-19,1236.13 ,1220.00 ,1236.44 ,1216.58 ,1.41M,0.79%
20-Mar-19,1226.43 ,1201.40 ,1229.99 ,1199.59 ,2.08M,1.99%
19-Mar-19,1202.46 ,1191.72 ,1203.40 ,1189.46 ,1.49M,1.17%
18-Mar-19,1188.55 ,1189.69 ,1194.95 ,1181.48 ,1.22M,-0.15%
15-Mar-19,1190.30 ,1198.00 ,1201.72 ,1187.01 ,2.59M,-0.19%
14-Mar-19,1192.53 ,1199.02 ,1204.70 ,1191.23 ,1.37M,-0.54%
13-Mar-19,1199.06 ,1205.93 ,1207.12 ,1197.91 ,1.29M,0.15%
12-Mar-19,1197.25 ,1182.30 ,1205.71 ,1182.30 ,2.11M,1.53%
11-Mar-19,1179.26 ,1152.00 ,1179.91 ,1151.57 ,1.50M,2.55%
08-Mar-19,1149.97 ,1133.90 ,1153.45 ,1130.20 ,1.18M,-0.08%
07-Mar-19,1150.85 ,1160.50 ,1163.58 ,1141.71 ,1.50M,-1.21%
06-Mar-19,1164.94 ,1171.76 ,1174.74 ,1163.05 ,1.18M,-0.36%
05-Mar-19,1169.19 ,1156.00 ,1176.49 ,1153.02 ,2.00M,1.37%
04-Mar-19,1153.42 ,1154.56 ,1165.52 ,1138.25 ,1.77M,0.43%
01-Mar-19,1148.52 ,1131.00 ,1150.00 ,1131.00 ,1.70M,1.95%
28-Feb-19,1126.55 ,1119.00 ,1133.99 ,1118.41 ,1.37M,0.33%
27-Feb-19,1122.89 ,1114.01 ,1125.73 ,1108.56 ,1.10M,0.08%
26-Feb-19,1122.01 ,1114.37 ,1126.43 ,1106.70 ,1.75M,0.42%
25-Feb-19,1117.33 ,1121.93 ,1125.40 ,1114.11 ,1.31M,0.07%
22-Feb-19,1116.56 ,1109.70 ,1117.25 ,1100.50 ,1.47M,1.12%
21-Feb-19,1104.21 ,1118.78 ,1119.15 ,1097.98 ,1.66M,-1.46%
20-Feb-19,1120.59 ,1128.88 ,1130.93 ,1111.75 ,1.20M,-0.53%
19-Feb-19,1126.51 ,1116.64 ,1129.64 ,1116.64 ,1.10M,0.61%
15-Feb-19,1119.63 ,1139.30 ,1139.30 ,1116.72 ,1.39M,-0.85%
14-Feb-19,1129.20 ,1125.00 ,1136.13 ,1117.09 ,1.06M,0.05%
13-Feb-19,1128.63 ,1133.04 ,1142.85 ,1126.00 ,1.40M,0.09%
12-Feb-19,1127.58 ,1111.01 ,1132.86 ,1111.01 ,1.75M,2.31%
11-Feb-19,1102.12 ,1103.75 ,1113.43 ,1100.00 ,924.88K,-0.02%
08-Feb-19,1102.38 ,1094.88 ,1105.10 ,1094.24 ,1.09M,-0.32%
07-Feb-19,1105.91 ,1111.82 ,1111.99 ,1093.59 ,1.91M,-1.51%
06-Feb-19,1122.89 ,1149.27 ,1154.00 ,1118.36 ,2.41M,-2.52%
05-Feb-19,1151.87 ,1129.63 ,1152.77 ,1123.60 ,4.11M,0.92%
04-Feb-19,1141.42 ,1119.01 ,1142.34 ,1117.51 ,3.92M,2.04%
01-Feb-19,1118.62 ,1122.29 ,1134.40 ,1114.25 ,1.66M,-0.65%
31-Jan-19,1125.89 ,1112.24 ,1127.67 ,1105.25 ,2.01M,2.54%
30-Jan-19,1097.99 ,1077.36 ,1099.52 ,1076.64 ,1.47M,2.61%
29-Jan-19,1070.06 ,1081.04 ,1084.73 ,1066.02 ,985.25K,-0.91%
28-Jan-19,1079.86 ,1090.07 ,1093.37 ,1074.61 ,1.47M,-1.97%
25-Jan-19,1101.51 ,1094.23 ,1103.36 ,1091.80 ,1.16M,1.62%
24-Jan-19,1084.00 ,1082.51 ,1088.00 ,1070.02 ,1.46M,-0.04%
23-Jan-19,1084.41 ,1086.86 ,1092.95 ,1067.57 ,1.26M,0.54%
22-Jan-19,1078.63 ,1096.00 ,1098.97 ,1070.89 ,1.98M,-2.59%
18-Jan-19,1107.30 ,1108.59 ,1118.00 ,1099.28 ,2.24M,0.74%
17-Jan-19,1099.12 ,1087.99 ,1100.70 ,1083.26 ,1.24M,0.88%
16-Jan-19,1089.51 ,1090.00 ,1102.36 ,1088.01 ,1.91M,0.28%
15-Jan-19,1086.51 ,1058.01 ,1088.27 ,1054.44 ,1.88M,3.33%
14-Jan-19,1051.51 ,1053.34 ,1058.45 ,1048.55 ,1.42M,-1.22%
11-Jan-19,1064.47 ,1069.90 ,1073.37 ,1056.43 ,1.54M,-1.33%
10-Jan-19,1078.83 ,1074.94 ,1079.81 ,1064.68 ,1.33M,-0.26%
09-Jan-19,1081.65 ,1087.99 ,1091.64 ,1074.37 ,1.35M,-0.34%
08-Jan-19,1085.37 ,1086.00 ,1093.35 ,1068.35 ,1.77M,0.88%
07-Jan-19,1075.92 ,1080.97 ,1082.70 ,1062.64 ,2.37M,-0.20%
04-Jan-19,1078.07 ,1042.56 ,1080.00 ,1036.86 ,2.30M,5.13%
03-Jan-19,1025.47 ,1050.67 ,1066.26 ,1022.37 ,2.10M,-2.77%
02-Jan-19,1054.68 ,1027.20 ,1060.79 ,1025.28 ,1.59M,0.93%
31-Dec-18,1044.96 ,1057.83 ,1062.99 ,1033.04 ,1.66M,-0.16%
28-Dec-18,1046.68 ,1059.50 ,1064.23 ,1042.00 ,1.72M,-0.59%
27-Dec-18,1052.90 ,1026.20 ,1053.34 ,1007.00 ,2.30M,0.48%
26-Dec-18,1047.85 ,997.99 ,1048.45 ,992.64 ,2.32M,6.42%
24-Dec-18,984.67 ,984.32 ,1012.12 ,977.66 ,1.82M,-0.66%
21-Dec-18,991.25 ,1032.04 ,1037.67 ,981.19 ,5.23M,-3.16%
20-Dec-18,1023.58 ,1026.00 ,1047.44 ,1007.86 ,2.68M,-1.15%
19-Dec-18,1035.46 ,1047.29 ,1075.71 ,1019.43 ,2.91M,-0.76%
18-Dec-18,1043.41 ,1034.00 ,1059.69 ,1030.48 ,2.18M,1.73%
17-Dec-18,1025.65 ,1047.01 ,1062.38 ,1016.63 ,2.50M,-2.48%
14-Dec-18,1051.71 ,1060.02 ,1071.72 ,1049.37 ,1.82M,-2.03%
13-Dec-18,1073.54 ,1075.67 ,1088.42 ,1064.99 ,1.25M,-0.02%
12-Dec-18,1073.73 ,1077.08 ,1091.73 ,1071.97 ,1.45M,1.14%
11-Dec-18,1061.65 ,1066.94 ,1070.40 ,1050.10 ,1.69M,0.80%
10-Dec-18,1053.18 ,1042.94 ,1059.60 ,1033.00 ,1.68M,0.63%
07-Dec-18,1046.58 ,1072.23 ,1085.03 ,1039.37 ,2.13M,-2.92%
06-Dec-18,1078.08 ,1045.00 ,1079.42 ,1042.48 ,2.37M,1.47%
04-Dec-18,1062.47 ,1112.99 ,1114.24 ,1060.78 ,2.28M,-4.83%
03-Dec-18,1116.36 ,1132.16 ,1135.00 ,1111.73 ,2.88M,0.60%
30-Nov-18,1109.65 ,1095.63 ,1109.65 ,1083.18 ,2.98M,1.38%
29-Nov-18,1094.58 ,1083.53 ,1100.15 ,1082.00 ,1.55M,0.26%
28-Nov-18,1091.79 ,1057.46 ,1092.86 ,1042.95 ,2.30M,3.75%
27-Nov-18,1052.28 ,1051.34 ,1066.76 ,1045.50 ,1.65M,-0.35%
26-Nov-18,1055.94 ,1044.00 ,1057.00 ,1039.77 ,1.58M,2.51%
23-Nov-18,1030.10 ,1033.50 ,1043.00 ,1028.52 ,708.86K,-1.28%
21-Nov-18,1043.43 ,1045.31 ,1054.70 ,1039.45 ,1.49M,1.26%
20-Nov-18,1030.45 ,1007.29 ,1037.35 ,1002.21 ,2.72M,0.29%
19-Nov-18,1027.42 ,1063.39 ,1068.00 ,1022.87 ,2.28M,-3.82%
16-Nov-18,1068.27 ,1065.23 ,1072.44 ,1054.90 ,1.77M,-0.26%
15-Nov-18,1071.05 ,1051.46 ,1078.87 ,1041.29 ,2.08M,1.56%
14-Nov-18,1054.58 ,1060.00 ,1065.79 ,1041.11 ,1.73M,0.63%
13-Nov-18,1047.97 ,1054.81 ,1066.66 ,1040.40 ,1.29M,-0.13%
12-Nov-18,1049.36 ,1073.13 ,1074.10 ,1040.35 ,1.70M,-2.57%
09-Nov-18,1077.02 ,1084.02 ,1088.35 ,1064.26 ,1.74M,-1.61%
08-Nov-18,1094.63 ,1107.30 ,1108.22 ,1084.36 ,1.69M,-1.23%
07-Nov-18,1108.24 ,1083.49 ,1109.93 ,1080.59 ,2.17M,3.62%
06-Nov-18,1069.57 ,1055.02 ,1079.82 ,1053.61 ,1.43M,1.31%
05-Nov-18,1055.73 ,1072.53 ,1073.35 ,1034.00 ,2.27M,-1.47%
02-Nov-18,1071.49 ,1089.00 ,1098.00 ,1067.66 ,2.17M,-1.33%
01-Nov-18,1085.98 ,1091.40 ,1099.90 ,1077.82 ,2.01M,-0.42%
31-Oct-18,1090.58 ,1068.20 ,1108.00 ,1068.20 ,3.55M,3.91%
30-Oct-18,1049.51 ,1020.01 ,1050.90 ,1013.97 ,2.99M,1.43%
29-Oct-18,1034.73 ,1096.54 ,1108.83 ,1007.20 ,4.06M,-4.52%
26-Oct-18,1083.75 ,1048.33 ,1117.00 ,1042.23 ,5.32M,-1.80%
25-Oct-18,1103.59 ,1080.30 ,1117.82 ,1075.55 ,3.65M,4.40%
24-Oct-18,1057.12 ,1115.00 ,1116.62 ,1055.06 ,2.46M,-5.18%
23-Oct-18,1114.91 ,1091.29 ,1118.00 ,1079.01 ,1.88M,0.32%
22-Oct-18,1111.37 ,1112.51 ,1121.69 ,1100.00 ,1.36M,0.56%
19-Oct-18,1105.18 ,1103.71 ,1120.95 ,1097.03 ,2.06M,0.66%
18-Oct-18,1097.91 ,1130.00 ,1132.35 ,1086.34 ,2.31M,-2.63%
17-Oct-18,1127.59 ,1140.00 ,1147.00 ,1114.00 ,1.78M,-0.48%
16-Oct-18,1133.08 ,1113.48 ,1136.37 ,1111.75 ,1.92M,2.78%
15-Oct-18,1102.44 ,1118.00 ,1121.80 ,1098.22 ,1.50M,-1.62%
12-Oct-18,1120.54 ,1119.64 ,1125.83 ,1095.03 ,2.47M,2.73%
11-Oct-18,1090.74 ,1079.04 ,1116.06 ,1075.89 ,3.38M,-0.13%
10-Oct-18,1092.16 ,1136.40 ,1137.02 ,1091.51 ,2.95M,-4.63%
09-Oct-18,1145.17 ,1151.31 ,1161.55 ,1144.17 ,1.68M,-0.93%
08-Oct-18,1155.92 ,1160.00 ,1175.86 ,1135.40 ,2.31M,-1.02%
05-Oct-18,1167.83 ,1176.00 ,1182.00 ,1154.32 ,1.59M,-0.78%
04-Oct-18,1177.07 ,1205.03 ,1205.90 ,1163.85 ,2.33M,-2.84%
03-Oct-18,1211.53 ,1212.00 ,1214.18 ,1202.15 ,1.31M,0.32%
02-Oct-18,1207.64 ,1206.67 ,1224.52 ,1199.66 ,2.01M,-0.07%
01-Oct-18,1208.53 ,1213.00 ,1224.20 ,1203.19 ,1.66M,0.12%
28-Sep-18,1207.08 ,1204.09 ,1208.45 ,1197.83 ,1.78M,-0.02%
27-Sep-18,1207.36 ,1200.00 ,1216.86 ,1198.05 ,1.81M,1.11%
26-Sep-18,1194.06 ,1193.69 ,1207.24 ,1185.40 ,1.88M,0.01%
25-Sep-18,1193.89 ,1184.25 ,1196.86 ,1174.09 ,1.66M,1.21%
24-Sep-18,1179.56 ,1159.41 ,1185.19 ,1151.50 ,1.56M,0.63%
21-Sep-18,1172.12 ,1194.92 ,1196.58 ,1172.06 ,4.56M,-1.63%
20-Sep-18,1191.57 ,1180.67 ,1194.00 ,1176.25 ,1.46M,1.47%
19-Sep-18,1174.27 ,1168.96 ,1176.27 ,1158.62 ,1.30M,0.61%
18-Sep-18,1167.11 ,1162.66 ,1181.33 ,1161.42 ,1.62M,0.63%
17-Sep-18,1159.83 ,1177.77 ,1181.82 ,1158.45 ,1.70M,-1.54%
14-Sep-18,1177.98 ,1188.00 ,1188.00 ,1173.52 ,1.21M,-0.35%
13-Sep-18,1182.14 ,1179.70 ,1187.86 ,1169.22 ,2.00M,0.90%
12-Sep-18,1171.60 ,1182.00 ,1190.69 ,1166.16 ,1.79M,-1.55%
11-Sep-18,1189.99 ,1171.10 ,1190.94 ,1165.95 ,1.46M,1.27%
10-Sep-18,1175.06 ,1184.20 ,1186.66 ,1170.61 ,1.38M,-0.21%
07-Sep-18,1177.59 ,1172.00 ,1188.55 ,1169.27 ,1.63M,-0.54%
06-Sep-18,1183.99 ,1198.57 ,1198.99 ,1163.61 ,2.34M,-1.26%
05-Sep-18,1199.10 ,1209.22 ,1214.87 ,1175.34 ,2.70M,-1.01%
04-Sep-18,1211.31 ,1222.52 ,1227.87 ,1206.56 ,2.07M,-1.66%
31-Aug-18,1231.80 ,1252.21 ,1252.55 ,1225.75 ,2.12M,-1.80%
30-Aug-18,1254.44 ,1263.40 ,1269.49 ,1247.21 ,1.51M,-0.81%
29-Aug-18,1264.65 ,1255.00 ,1267.17 ,1252.80 ,1.85M,1.51%
28-Aug-18,1245.86 ,1255.90 ,1256.56 ,1242.97 ,1.37M,-0.83%
27-Aug-18,1256.27 ,1244.14 ,1257.87 ,1240.68 ,1.43M,1.58%
24-Aug-18,1236.75 ,1226.00 ,1237.40 ,1221.42 ,1.22M,1.28%
23-Aug-18,1221.16 ,1219.88 ,1235.17 ,1219.35 ,1.23M,-0.05%
22-Aug-18,1221.75 ,1214.22 ,1226.53 ,1213.22 ,1.11M,0.36%
21-Aug-18,1217.41 ,1223.02 ,1232.76 ,1215.03 ,1.15M,-0.37%
20-Aug-18,1221.95 ,1220.66 ,1225.91 ,1208.70 ,1.11M,0.50%
17-Aug-18,1215.85 ,1222.04 ,1226.95 ,1204.00 ,1.65M,-0.67%
16-Aug-18,1224.06 ,1241.99 ,1243.70 ,1219.63 ,1.61M,-0.66%
15-Aug-18,1232.22 ,1244.28 ,1251.98 ,1226.24 ,1.85M,-2.06%
14-Aug-18,1258.14 ,1252.50 ,1260.59 ,1239.54 ,1.40M,0.76%
13-Aug-18,1248.64 ,1251.20 ,1265.97 ,1247.03 ,1.38M,-0.31%
10-Aug-18,1252.51 ,1259.18 ,1261.20 ,1247.16 ,1.33M,-0.95%
09-Aug-18,1264.46 ,1262.73 ,1271.96 ,1260.10 ,1.37M,0.25%
08-Aug-18,1261.33 ,1256.72 ,1271.72 ,1252.12 ,1.72M,0.44%
07-Aug-18,1255.84 ,1252.01 ,1266.08 ,1251.80 ,2.13M,1.47%
06-Aug-18,1237.67 ,1241.61 ,1242.46 ,1230.53 ,1.11M,-0.04%
03-Aug-18,1238.16 ,1245.18 ,1246.52 ,1229.42 ,1.06M,-0.24%
02-Aug-18,1241.13 ,1218.50 ,1244.41 ,1218.06 ,1.74M,0.66%
01-Aug-18,1232.99 ,1239.11 ,1245.90 ,1224.94 ,1.85M,0.47%
31-Jul-18,1227.22 ,1231.71 ,1241.21 ,1216.19 ,1.97M,-0.23%
30-Jul-18,1230.04 ,1245.05 ,1252.89 ,1224.17 ,2.19M,-1.82%
27-Jul-18,1252.89 ,1289.12 ,1291.44 ,1244.49 ,2.42M,-2.54%
26-Jul-18,1285.50 ,1267.18 ,1287.40 ,1263.00 ,2.73M,0.75%
25-Jul-18,1275.94 ,1252.62 ,1278.24 ,1249.05 ,2.58M,1.41%
24-Jul-18,1258.15 ,1271.00 ,1275.00 ,1244.14 ,5.38M,3.89%
23-Jul-18,1211.00 ,1195.66 ,1215.10 ,1192.01 ,3.27M,1.10%
20-Jul-18,1197.88 ,1199.24 ,1210.77 ,1196.59 ,1.90M,-0.10%
19-Jul-18,1199.10 ,1206.65 ,1216.48 ,1197.73 ,1.92M,-1.14%
18-Jul-18,1212.91 ,1208.53 ,1221.59 ,1204.56 ,1.95M,-0.01%
17-Jul-18,1213.08 ,1182.74 ,1218.76 ,1182.00 ,2.01M,1.38%
16-Jul-18,1196.51 ,1203.81 ,1208.71 ,1193.40 ,1.34M,-0.66%
13-Jul-18,1204.42 ,1202.80 ,1210.44 ,1195.29 ,1.63M,0.26%
12-Jul-18,1201.26 ,1174.86 ,1201.99 ,1173.10 ,2.21M,2.54%
11-Jul-18,1171.46 ,1155.62 ,1180.44 ,1155.37 ,1.66M,0.37%
10-Jul-18,1167.14 ,1169.99 ,1173.50 ,1162.56 ,1.07M,-0.01%
09-Jul-18,1167.28 ,1160.00 ,1167.93 ,1157.23 ,1.08M,1.06%
06-Jul-18,1155.08 ,1141.77 ,1156.20 ,1137.24 ,1.09M,1.21%
05-Jul-18,1141.29 ,1124.60 ,1144.14 ,1123.12 ,1.43M,2.24%
03-Jul-18,1116.28 ,1149.42 ,1149.91 ,1114.43 ,822.39K,-2.26%
02-Jul-18,1142.11 ,1115.35 ,1142.99 ,1106.60 ,1.16M,1.14%
29-Jun-18,1129.19 ,1132.31 ,1141.36 ,1127.02 ,1.58M,0.21%
28-Jun-18,1126.78 ,1112.39 ,1134.00 ,1106.07 ,1.49M,0.88%
27-Jun-18,1116.94 ,1136.00 ,1146.21 ,1116.70 ,1.73M,-1.38%
26-Jun-18,1132.62 ,1144.14 ,1146.87 ,1129.00 ,1.73M,-0.58%
25-Jun-18,1139.28 ,1155.00 ,1155.99 ,1119.90 ,2.88M,-2.57%
22-Jun-18,1169.29 ,1171.49 ,1175.00 ,1159.65 ,1.71M,-0.01%
21-Jun-18,1169.44 ,1185.51 ,1190.33 ,1163.48 ,2.25M,-1.24%
20-Jun-18,1184.07 ,1183.30 ,1201.49 ,1182.03 ,2.58M,0.46%
19-Jun-18,1178.69 ,1170.11 ,1182.81 ,1161.61 ,2.36M,-0.41%
18-Jun-18,1183.58 ,1152.69 ,1184.13 ,1151.00 ,1.65M,2.10%
15-Jun-18,1159.27 ,1159.92 ,1163.91 ,1153.69 ,2.22M,-0.07%
14-Jun-18,1160.11 ,1152.21 ,1165.99 ,1150.60 ,1.77M,1.39%
13-Jun-18,1144.23 ,1152.28 ,1155.64 ,1143.38 ,1.72M,-0.34%
12-Jun-18,1148.19 ,1141.02 ,1148.75 ,1141.02 ,1.30M,0.64%
11-Jun-18,1140.90 ,1132.94 ,1147.74 ,1131.40 ,1.24M,0.72%
08-Jun-18,1132.71 ,1131.21 ,1138.78 ,1123.23 ,1.36M,-0.15%
07-Jun-18,1134.42 ,1144.58 ,1145.87 ,1126.12 ,1.81M,-1.09%
06-Jun-18,1146.95 ,1152.77 ,1154.71 ,1136.32 ,1.75M,-0.35%
05-Jun-18,1151.02 ,1154.66 ,1161.10 ,1147.46 ,1.65M,-0.18%
04-Jun-18,1153.04 ,1138.50 ,1157.86 ,1137.00 ,2.24M,1.59%
01-Jun-18,1135.00 ,1112.87 ,1138.16 ,1112.01 ,3.16M,3.18%
31-May-18,1100.00 ,1082.00 ,1110.00 ,1078.00 ,3.97M,2.09%
30-May-18,1077.47 ,1073.48 ,1078.99 ,1066.55 ,1.43M,0.88%
29-May-18,1068.07 ,1076.00 ,1081.34 ,1063.08 ,1.80M,-1.48%
25-May-18,1084.08 ,1086.55 ,1089.57 ,1082.60 ,1.11M,-0.13%
24-May-18,1085.45 ,1086.90 ,1087.12 ,1072.30 ,1.03M,-0.05%
23-May-18,1085.96 ,1070.00 ,1088.00 ,1066.96 ,1.19M,0.99%
22-May-18,1075.31 ,1089.80 ,1091.80 ,1072.26 ,1.11M,-0.80%
21-May-18,1084.01 ,1079.00 ,1093.30 ,1078.00 ,1.26M,1.34%
18-May-18,1069.64 ,1066.00 ,1073.73 ,1064.68 ,1.77M,-1.07%
17-May-18,1081.26 ,1081.46 ,1091.00 ,1076.42 ,1.29M,-0.26%
16-May-18,1084.09 ,1085.09 ,1094.38 ,1081.63 ,1.28M,-0.07%
15-May-18,1084.87 ,1096.90 ,1099.12 ,1078.78 ,1.79M,-1.96%
14-May-18,1106.60 ,1105.57 ,1118.15 ,1104.80 ,1.97M,0.29%
11-May-18,1103.38 ,1100.41 ,1109.01 ,1097.22 ,1.53M,-0.19%
10-May-18,1105.47 ,1095.00 ,1109.41 ,1093.88 ,1.82M,1.52%
09-May-18,1088.95 ,1064.10 ,1094.00 ,1062.11 ,2.36M,2.87%
08-May-18,1058.59 ,1064.62 ,1065.23 ,1051.64 ,1.30M,-0.08%
07-May-18,1059.46 ,1053.89 ,1065.00 ,1050.27 ,1.72M,0.80%
04-May-18,1051.00 ,1019.61 ,1051.88 ,1018.05 ,1.84M,2.41%
03-May-18,1026.30 ,1025.37 ,1030.69 ,1007.89 ,1.96M,0.02%
02-May-18,1026.05 ,1034.00 ,1043.98 ,1023.16 ,1.73M,-1.41%
01-May-18,1040.75 ,1016.30 ,1041.73 ,1010.61 ,1.77M,2.18%
30-Apr-18,1018.58 ,1034.42 ,1038.37 ,1018.30 ,1.72M,-1.25%
27-Apr-18,1031.45 ,1045.54 ,1051.69 ,1027.59 ,2.04M,-1.14%
26-Apr-18,1043.31 ,1033.22 ,1052.02 ,1020.45 ,2.55M,1.99%
25-Apr-18,1022.99 ,1029.75 ,1036.07 ,1017.01 ,2.89M,0.03%
24-Apr-18,1022.64 ,1059.20 ,1064.49 ,1012.86 ,6.41M,-4.77%
23-Apr-18,1073.81 ,1082.98 ,1088.00 ,1066.68 ,3.48M,-0.33%
20-Apr-18,1077.32 ,1084.27 ,1094.75 ,1072.10 ,2.12M,-1.11%
19-Apr-18,1089.45 ,1069.02 ,1097.51 ,1069.02 ,1.99M,1.31%
18-Apr-18,1075.39 ,1079.01 ,1082.00 ,1070.52 ,1.56M,-0.37%
17-Apr-18,1079.36 ,1061.20 ,1085.00 ,1057.09 ,2.73M,3.18%
16-Apr-18,1046.10 ,1045.55 ,1051.43 ,1033.92 ,1.49M,0.97%
13-Apr-18,1036.04 ,1046.89 ,1052.98 ,1030.15 ,1.27M,-0.12%
12-Apr-18,1037.29 ,1031.47 ,1044.65 ,1026.05 ,1.64M,1.19%
11-Apr-18,1025.06 ,1032.00 ,1035.87 ,1019.20 ,1.70M,-1.10%
10-Apr-18,1036.50 ,1030.26 ,1041.21 ,1015.41 ,1.84M,1.61%
09-Apr-18,1020.09 ,1020.04 ,1044.59 ,1019.20 ,1.66M,1.00%
06-Apr-18,1009.95 ,1023.10 ,1036.00 ,1006.25 ,2.01M,-2.20%
05-Apr-18,1032.64 ,1046.39 ,1046.71 ,1024.00 ,1.79M,0.28%
04-Apr-18,1029.71 ,998.23 ,1032.74 ,996.51 ,2.54M,1.08%
03-Apr-18,1018.68 ,1016.15 ,1025.00 ,997.25 ,2.57M,0.60%
02-Apr-18,1012.63 ,1027.62 ,1039.53 ,994.25 ,3.25M,-2.36%
29-Mar-18,1037.14 ,1011.21 ,1048.05 ,1004.04 ,3.47M,3.18%
28-Mar-18,1005.18 ,1001.91 ,1024.99 ,984.00 ,3.88M,-0.17%
27-Mar-18,1006.94 ,1063.90 ,1064.54 ,997.62 ,3.04M,-4.47%
26-Mar-18,1054.09 ,1050.60 ,1059.27 ,1010.58 ,3.30M,2.68%
23-Mar-18,1026.55 ,1051.37 ,1066.78 ,1024.87 ,2.49M,-2.53%
22-Mar-18,1053.15 ,1080.01 ,1083.92 ,1049.64 ,3.47M,-3.73%
21-Mar-18,1094.00 ,1092.57 ,1108.70 ,1087.21 ,2.24M,-0.16%
20-Mar-18,1095.80 ,1098.40 ,1105.55 ,1082.42 ,2.73M,-0.39%
19-Mar-18,1100.07 ,1117.76 ,1119.37 ,1088.92 ,3.18M,-3.03%
16-Mar-18,1134.42 ,1155.35 ,1156.81 ,1131.36 ,2.93M,-1.41%
15-Mar-18,1150.61 ,1149.57 ,1162.50 ,1135.66 ,1.67M,0.15%
14-Mar-18,1148.89 ,1145.80 ,1159.76 ,1142.35 ,2.09M,0.79%
13-Mar-18,1139.91 ,1171.83 ,1178.00 ,1134.57 ,2.16M,-2.23%
12-Mar-18,1165.93 ,1165.05 ,1178.16 ,1159.20 ,2.22M,0.44%
09-Mar-18,1160.84 ,1139.50 ,1161.00 ,1134.29 ,2.13M,2.79%
08-Mar-18,1129.38 ,1117.20 ,1131.44 ,1117.20 ,1.69M,1.29%
07-Mar-18,1115.04 ,1092.82 ,1116.20 ,1089.91 ,1.54M,1.28%
06-Mar-18,1100.90 ,1102.10 ,1105.63 ,1094.50 ,1.17M,0.56%
05-Mar-18,1094.76 ,1078.13 ,1101.18 ,1072.27 ,1.43M,0.98%
02-Mar-18,1084.14 ,1057.98 ,1086.89 ,1050.11 ,2.51M,1.19%
01-Mar-18,1071.41 ,1109.54 ,1111.27 ,1067.29 ,2.77M,-2.94%
28-Feb-18,1103.92 ,1122.00 ,1127.65 ,1103.00 ,2.46M,-1.22%
27-Feb-18,1117.51 ,1143.70 ,1144.25 ,1116.79 ,2.15M,-2.29%
26-Feb-18,1143.70 ,1131.86 ,1144.20 ,1129.34 ,1.55M,1.38%
23-Feb-18,1128.09 ,1118.66 ,1129.00 ,1108.44 ,1.26M,1.64%
22-Feb-18,1109.90 ,1119.17 ,1125.46 ,1105.15 ,1.40M,-0.35%
21-Feb-18,1113.75 ,1109.10 ,1136.20 ,1107.51 ,2.07M,0.92%
20-Feb-18,1103.59 ,1092.76 ,1116.29 ,1090.00 ,1.69M,0.74%
16-Feb-18,1095.50 ,1093.38 ,1108.31 ,1091.55 ,2.00M,0.38%
15-Feb-18,1091.36 ,1083.45 ,1094.10 ,1067.23 ,1.87M,1.74%
14-Feb-18,1072.70 ,1054.32 ,1075.47 ,1049.80 ,2.07M,1.76%
13-Feb-18,1054.14 ,1050.00 ,1061.22 ,1046.92 ,1.58M,-0.04%
12-Feb-18,1054.56 ,1056.67 ,1065.57 ,1045.49 ,2.81M,0.79%
09-Feb-18,1046.27 ,1025.88 ,1051.72 ,997.00 ,4.92M,3.83%
08-Feb-18,1007.71 ,1059.87 ,1063.93 ,1004.70 ,3.34M,-4.52%
07-Feb-18,1055.41 ,1084.97 ,1086.53 ,1054.62 ,2.60M,-2.68%
06-Feb-18,1084.43 ,1033.98 ,1087.38 ,1030.01 ,3.83M,2.07%
05-Feb-18,1062.39 ,1100.61 ,1114.99 ,1056.74 ,4.18M,-5.08%
02-Feb-18,1119.20 ,1127.42 ,1131.30 ,1111.17 ,5.89M,-5.28%
01-Feb-18,1181.59 ,1175.99 ,1187.45 ,1169.36 ,3.68M,-0.05%
31-Jan-18,1182.22 ,1183.81 ,1186.32 ,1172.10 ,1.80M,0.41%
30-Jan-18,1177.37 ,1177.72 ,1187.93 ,1174.51 ,1.87M,-0.77%
29-Jan-18,1186.48 ,1188.00 ,1198.00 ,1184.06 ,1.57M,-0.09%
26-Jan-18,1187.56 ,1187.53 ,1187.56 ,1168.03 ,2.11M,0.46%
25-Jan-18,1182.14 ,1180.71 ,1185.00 ,1171.84 ,1.50M,0.93%
24-Jan-18,1171.29 ,1184.98 ,1187.05 ,1167.40 ,1.86M,-0.41%
23-Jan-18,1176.17 ,1170.62 ,1178.51 ,1167.25 ,1.96M,1.03%
22-Jan-18,1164.16 ,1143.82 ,1166.88 ,1141.82 ,1.48M,1.81%
19-Jan-18,1143.50 ,1138.03 ,1143.78 ,1132.50 ,1.53M,0.66%
18-Jan-18,1135.97 ,1139.35 ,1140.59 ,1124.46 ,1.37M,-0.27%
17-Jan-18,1139.10 ,1136.36 ,1139.32 ,1123.49 ,1.39M,0.74%
16-Jan-18,1130.70 ,1140.31 ,1148.88 ,1126.66 ,1.82M,0.00%
12-Jan-18,1130.65 ,1110.10 ,1131.30 ,1108.01 ,1.93M,1.67%
11-Jan-18,1112.05 ,1112.31 ,1114.85 ,1106.48 ,1.12M,0.17%
10-Jan-18,1110.14 ,1107.00 ,1112.78 ,1103.98 ,1.04M,-0.24%
09-Jan-18,1112.79 ,1118.44 ,1118.44 ,1108.20 ,1.34M,-0.13%
08-Jan-18,1114.21 ,1111.00 ,1119.16 ,1110.00 ,1.23M,0.35%
05-Jan-18,1110.29 ,1103.45 ,1113.58 ,1101.80 ,1.51M,1.33%
04-Jan-18,1095.76 ,1097.09 ,1104.08 ,1094.26 ,1.30M,0.39%
03-Jan-18,1091.52 ,1073.93 ,1096.10 ,1073.43 ,1.57M,1.71%
02-Jan-18,1073.21 ,1053.02 ,1075.98 ,1053.02 ,1.59M,1.88%
29-Dec-17,1053.40 ,1055.49 ,1058.05 ,1052.70 ,1.18M,-0.24%
28-Dec-17,1055.95 ,1062.25 ,1064.84 ,1053.38 ,994.25K,-0.40%
27-Dec-17,1060.20 ,1066.60 ,1068.27 ,1058.38 ,1.12M,-0.53%
26-Dec-17,1065.85 ,1068.64 ,1068.86 ,1058.64 ,918.77K,-0.28%
22-Dec-17,1068.86 ,1070.00 ,1071.72 ,1067.64 ,889.45K,-0.19%
21-Dec-17,1070.85 ,1075.39 ,1077.52 ,1069.00 ,1.28M,-0.25%
20-Dec-17,1073.56 ,1080.92 ,1081.23 ,1068.60 ,1.44M,-0.58%
19-Dec-17,1079.78 ,1083.02 ,1084.97 ,1072.27 ,1.32M,-0.49%
18-Dec-17,1085.09 ,1076.45 ,1086.49 ,1070.37 ,1.51M,1.22%
15-Dec-17,1072.00 ,1063.78 ,1075.25 ,1060.09 ,3.19M,1.37%
14-Dec-17,1057.47 ,1055.49 ,1067.08 ,1053.60 ,1.55M,0.58%
13-Dec-17,1051.39 ,1052.08 ,1055.48 ,1046.58 ,1.38M,0.25%
12-Dec-17,1048.77 ,1050.00 ,1062.50 ,1044.87 ,1.69M,-0.30%
11-Dec-17,1051.97 ,1051.11 ,1056.00 ,1044.12 ,1.16M,0.25%
08-Dec-17,1049.38 ,1051.81 ,1056.42 ,1045.86 ,1.56M,0.46%
07-Dec-17,1044.57 ,1036.07 ,1048.92 ,1035.36 ,1.54M,1.15%
06-Dec-17,1032.72 ,1016.52 ,1039.58 ,1015.31 ,1.44M,1.29%
05-Dec-17,1019.60 ,1010.99 ,1036.68 ,1002.32 ,1.95M,0.76%
04-Dec-17,1011.87 ,1027.80 ,1031.34 ,1009.22 ,1.94M,-1.29%
01-Dec-17,1025.07 ,1030.41 ,1037.24 ,1016.90 ,1.89M,-1.07%
30-Nov-17,1036.17 ,1039.94 ,1044.14 ,1030.07 ,2.25M,-0.12%
29-Nov-17,1037.38 ,1056.18 ,1058.77 ,1029.65 ,2.79M,-2.44%
28-Nov-17,1063.29 ,1073.99 ,1080.00 ,1054.54 ,1.82M,-0.81%
27-Nov-17,1072.01 ,1058.57 ,1073.04 ,1054.77 ,1.77M,1.47%
24-Nov-17,1056.52 ,1054.39 ,1060.07 ,1051.92 ,825.37K,0.44%
22-Nov-17,1051.92 ,1051.16 ,1055.43 ,1047.25 ,726.90K,0.15%
21-Nov-17,1050.30 ,1040.04 ,1050.39 ,1039.14 ,1.11M,1.51%
20-Nov-17,1034.66 ,1036.00 ,1038.69 ,1032.67 ,876.32K,-0.12%
17-Nov-17,1035.89 ,1049.80 ,1051.00 ,1033.73 ,1.34M,-1.20%
16-Nov-17,1048.47 ,1038.75 ,1051.76 ,1038.00 ,1.19M,1.16%
15-Nov-17,1036.41 ,1035.00 ,1039.63 ,1030.76 ,905.26K,-0.50%
14-Nov-17,1041.64 ,1037.72 ,1042.30 ,1029.33 ,1.05M,0.04%
13-Nov-17,1041.20 ,1040.80 ,1048.74 ,1039.26 ,940.72K,-0.28%
10-Nov-17,1044.15 ,1043.87 ,1046.63 ,1041.22 ,972.13K,-0.34%
09-Nov-17,1047.72 ,1048.00 ,1050.88 ,1035.85 ,1.79M,-1.00%
08-Nov-17,1058.29 ,1050.05 ,1062.69 ,1047.05 ,1.21M,0.56%
07-Nov-17,1052.39 ,1049.65 ,1053.41 ,1043.00 ,1.31M,0.93%
06-Nov-17,1042.68 ,1049.10 ,1052.59 ,1042.00 ,914.75K,-0.70%
03-Nov-17,1049.99 ,1042.75 ,1050.66 ,1037.65 ,1.39M,0.67%
02-Nov-17,1042.97 ,1039.99 ,1045.52 ,1028.66 ,1.33M,0.04%
01-Nov-17,1042.60 ,1036.32 ,1047.86 ,1034.00 ,2.16M,0.93%
31-Oct-17,1033.04 ,1033.00 ,1041.00 ,1026.30 ,1.52M,-0.01%
30-Oct-17,1033.13 ,1029.16 ,1039.83 ,1022.33 ,2.34M,-0.05%
27-Oct-17,1033.67 ,1030.99 ,1063.62 ,1026.85 ,5.18M,4.26%
26-Oct-17,991.42 ,998.47 ,1006.51 ,990.47 ,2.37M,0.00%
25-Oct-17,991.46 ,986.27 ,994.43 ,977.72 ,1.53M,0.30%
24-Oct-17,988.49 ,986.50 ,989.26 ,977.08 ,1.45M,0.30%
23-Oct-17,985.54 ,1005.18 ,1005.79 ,983.10 ,1.64M,-1.94%
20-Oct-17,1005.07 ,1007.05 ,1008.65 ,1002.27 ,1.61M,0.32%
19-Oct-17,1001.84 ,1004.75 ,1007.32 ,997.30 ,1.71M,-1.08%
18-Oct-17,1012.74 ,1011.05 ,1016.31 ,1005.32 ,1.28M,0.17%
17-Oct-17,1011.00 ,1007.44 ,1014.56 ,1006.05 ,1.01M,0.16%
16-Oct-17,1009.35 ,1009.63 ,1012.00 ,1001.52 ,1.07M,0.15%
13-Oct-17,1007.87 ,1009.11 ,1014.76 ,1007.06 ,1.33M,0.22%
12-Oct-17,1005.65 ,1003.84 ,1011.54 ,1001.10 ,1.53M,0.00%
11-Oct-17,1005.65 ,989.04 ,1007.57 ,987.94 ,1.81M,1.81%
10-Oct-17,987.80 ,995.30 ,997.47 ,981.11 ,1.16M,-0.45%
09-Oct-17,992.31 ,995.00 ,1000.46 ,991.50 ,1.30M,-0.13%
06-Oct-17,993.64 ,980.00 ,994.26 ,978.51 ,1.55M,0.86%
05-Oct-17,985.19 ,972.79 ,986.51 ,970.27 ,1.78M,1.90%
04-Oct-17,966.78 ,971.76 ,974.40 ,965.61 ,1.06M,-0.55%
03-Oct-17,972.08 ,967.56 ,972.44 ,962.71 ,1.08M,0.48%
02-Oct-17,967.47 ,975.65 ,977.74 ,961.95 ,1.54M,-0.64%
29-Sep-17,973.72 ,966.00 ,975.81 ,966.00 ,2.03M,0.92%
28-Sep-17,964.81 ,956.25 ,966.18 ,955.55 ,1.40M,0.51%
27-Sep-17,959.90 ,942.74 ,965.43 ,941.95 ,2.33M,2.40%
26-Sep-17,937.43 ,936.69 ,944.08 ,935.12 ,1.67M,0.34%
25-Sep-17,934.28 ,939.45 ,939.75 ,924.51 ,1.87M,-0.95%
22-Sep-17,943.26 ,942.77 ,950.00 ,940.84 ,1.07M,-0.45%
21-Sep-17,947.55 ,948.13 ,952.80 ,939.38 ,1.37M,0.00%
20-Sep-17,947.54 ,937.73 ,950.00 ,937.50 ,2.00M,1.14%
19-Sep-17,936.86 ,933.41 ,937.94 ,926.66 ,1.24M,0.76%
18-Sep-17,929.75 ,935.01 ,936.86 ,925.40 ,1.47M,-0.59%
15-Sep-17,935.29 ,940.09 ,941.75 ,931.25 ,1.99M,-0.51%
14-Sep-17,940.13 ,946.00 ,948.03 ,938.36 ,1.43M,-1.08%
13-Sep-17,950.44 ,945.50 ,952.85 ,944.74 ,1.10M,0.40%
12-Sep-17,946.65 ,946.92 ,948.09 ,937.50 ,1.28M,0.36%
11-Sep-17,943.29 ,947.20 ,952.68 ,941.00 ,1.34M,0.20%
08-Sep-17,941.41 ,949.70 ,950.70 ,940.01 ,999.92K,-0.89%
07-Sep-17,949.89 ,944.25 ,950.50 ,937.53 ,1.12M,0.84%
06-Sep-17,942.02 ,943.87 ,944.50 ,932.68 ,1.39M,0.06%
05-Sep-17,941.48 ,946.86 ,951.39 ,935.60 ,1.46M,-1.10%
01-Sep-17,951.99 ,957.47 ,958.33 ,950.28 ,1.04M,-0.34%
31-Aug-17,955.24 ,946.30 ,957.20 ,946.25 ,1.69M,1.23%
30-Aug-17,943.63 ,935.67 ,945.86 ,934.05 ,1.12M,0.84%
29-Aug-17,935.75 ,919.95 ,938.19 ,919.31 ,1.16M,0.82%
28-Aug-17,928.13 ,931.88 ,934.85 ,926.11 ,1.05M,-0.25%
25-Aug-17,930.50 ,939.21 ,940.73 ,930.10 ,1.19M,-0.68%
24-Aug-17,936.89 ,943.71 ,946.31 ,930.74 ,1.29M,-0.60%
23-Aug-17,942.58 ,937.00 ,945.42 ,935.24 ,1.13M,0.23%
22-Aug-17,940.40 ,926.96 ,941.96 ,926.17 ,1.78M,2.12%
21-Aug-17,920.87 ,925.77 ,928.25 ,918.60 ,1.30M,-0.57%
18-Aug-17,926.18 ,926.98 ,931.02 ,923.45 ,1.34M,-0.16%
17-Aug-17,927.66 ,942.95 ,943.81 ,927.64 ,1.70M,-1.76%
16-Aug-17,944.27 ,941.25 ,949.90 ,940.04 ,1.35M,0.66%
15-Aug-17,938.08 ,941.03 ,943.07 ,936.64 ,1.11M,-0.09%
14-Aug-17,938.93 ,939.07 ,941.04 ,934.49 ,1.15M,0.95%
11-Aug-17,930.09 ,923.71 ,933.36 ,921.22 ,1.62M,0.70%
10-Aug-17,923.59 ,935.00 ,936.30 ,921.78 ,2.71M,-1.75%
09-Aug-17,940.08 ,938.45 ,943.76 ,933.92 ,1.40M,-0.44%
08-Aug-17,944.19 ,944.29 ,952.49 ,942.48 ,1.51M,-0.16%
07-Aug-17,945.75 ,947.52 ,948.96 ,943.50 ,1.45M,0.00%
04-Aug-17,945.79 ,943.95 ,947.54 ,939.79 ,1.25M,0.58%
03-Aug-17,940.30 ,949.10 ,950.00 ,939.44 ,1.12M,-0.77%
02-Aug-17,947.64 ,948.37 ,949.10 ,932.52 ,2.04M,0.11%
01-Aug-17,946.56 ,947.81 ,954.49 ,944.96 ,1.33M,0.11%
31-Jul-17,945.50 ,960.00 ,961.19 ,941.73 ,2.29M,-1.34%
28-Jul-17,958.33 ,947.99 ,961.79 ,945.31 ,1.81M,0.61%
27-Jul-17,952.51 ,969.18 ,969.52 ,937.06 ,3.72M,-1.33%
26-Jul-17,965.31 ,972.78 ,973.95 ,960.23 ,2.22M,-0.38%
25-Jul-17,969.03 ,970.70 ,976.73 ,963.80 ,5.93M,-2.93%
24-Jul-17,998.31 ,994.10 ,1006.19 ,990.27 ,3.98M,0.45%
21-Jul-17,993.84 ,989.00 ,995.11 ,984.17 ,1.46M,0.17%
20-Jul-17,992.19 ,997.00 ,998.68 ,984.62 ,1.42M,-0.06%
19-Jul-17,992.77 ,990.01 ,995.60 ,987.01 ,1.41M,0.59%
18-Jul-17,986.95 ,973.36 ,990.85 ,972.04 ,1.41M,1.13%
17-Jul-17,975.96 ,976.32 ,983.35 ,970.80 ,1.66M,-0.10%
14-Jul-17,976.91 ,974.00 ,977.54 ,970.15 ,1.08M,0.83%
13-Jul-17,968.85 ,970.80 ,978.70 ,964.80 ,1.52M,0.12%
12-Jul-17,967.66 ,960.86 ,969.63 ,957.04 ,1.60M,1.48%
11-Jul-17,953.53 ,950.52 ,954.89 ,945.12 ,1.46M,0.27%
10-Jul-17,951.00 ,941.95 ,953.13 ,941.95 ,1.45M,1.08%
07-Jul-17,940.81 ,930.99 ,944.66 ,929.79 ,1.66M,1.41%
06-Jul-17,927.69 ,925.00 ,936.14 ,919.85 ,2.01M,-0.49%
05-Jul-17,932.26 ,924.20 ,936.29 ,918.63 ,2.09M,1.39%
03-Jul-17,919.46 ,933.22 ,934.24 ,915.31 ,1.69M,-1.10%
30-Jun-17,929.68 ,943.99 ,945.00 ,929.61 ,2.29M,-0.87%
29-Jun-17,937.82 ,951.35 ,951.66 ,929.60 ,3.21M,-2.41%
28-Jun-17,961.01 ,950.66 ,963.24 ,936.16 ,2.75M,1.36%
27-Jun-17,948.09 ,961.60 ,967.22 ,947.09 ,2.44M,-2.47%
26-Jun-17,972.09 ,990.00 ,993.99 ,970.33 ,1.52M,-1.42%
23-Jun-17,986.09 ,975.50 ,986.62 ,974.46 ,1.56M,0.97%
22-Jun-17,976.62 ,976.87 ,980.50 ,973.31 ,1.01M,-0.20%
21-Jun-17,978.59 ,970.79 ,979.67 ,969.16 ,1.16M,0.99%
20-Jun-17,968.99 ,975.31 ,980.79 ,968.20 ,1.30M,-0.64%
19-Jun-17,975.22 ,969.65 ,979.30 ,968.20 ,1.47M,1.73%
16-Jun-17,958.62 ,957.91 ,959.95 ,948.70 ,2.56M,-0.16%
15-Jun-17,960.18 ,948.02 ,960.68 ,940.37 ,2.43M,-0.80%
14-Jun-17,967.93 ,975.50 ,979.70 ,959.51 ,1.51M,-0.26%
13-Jun-17,970.50 ,972.04 ,977.91 ,962.01 ,2.01M,0.90%
12-Jun-17,961.81 ,958.72 ,968.00 ,936.79 ,4.20M,-0.86%
09-Jun-17,970.12 ,1005.49 ,1005.50 ,953.37 ,3.65M,-3.40%
08-Jun-17,1004.28 ,1004.23 ,1005.60 ,996.62 ,1.69M,0.27%
07-Jun-17,1001.59 ,998.82 ,1003.91 ,995.81 ,1.37M,0.49%
06-Jun-17,996.68 ,1003.31 ,1008.61 ,994.80 ,1.55M,-0.72%
05-Jun-17,1003.88 ,997.89 ,1007.40 ,995.45 ,1.38M,0.78%
02-Jun-17,996.12 ,988.59 ,996.48 ,987.07 ,1.74M,0.79%
01-Jun-17,988.29 ,990.96 ,993.14 ,981.29 ,1.31M,0.12%
31-May-17,987.09 ,996.21 ,999.60 ,981.68 ,1.72M,-0.91%
30-May-17,996.17 ,992.50 ,997.62 ,991.36 ,1.52M,0.29%
26-May-17,993.27 ,992.00 ,996.39 ,987.36 ,1.64M,0.14%
25-May-17,991.86 ,979.00 ,995.78 ,977.82 ,1.95M,1.46%
24-May-17,977.61 ,975.26 ,978.12 ,971.63 ,1.14M,0.73%
23-May-17,970.55 ,969.96 ,974.51 ,964.50 ,1.55M,0.67%
22-May-17,964.07 ,957.00 ,964.82 ,956.56 ,1.39M,0.99%
19-May-17,954.65 ,952.82 ,959.56 ,952.00 ,1.36M,0.44%
18-May-17,950.50 ,943.20 ,954.18 ,941.27 ,1.80M,0.88%
17-May-17,942.17 ,959.70 ,960.99 ,940.06 ,2.45M,-2.33%
16-May-17,964.61 ,963.55 ,965.90 ,960.35 ,1.10M,0.56%
15-May-17,959.22 ,955.29 ,962.70 ,952.82 ,1.34M,0.43%
12-May-17,955.14 ,957.85 ,957.98 ,952.06 ,1.21M,-0.08%
11-May-17,955.89 ,951.29 ,957.99 ,948.61 ,1.03M,0.11%
10-May-17,954.84 ,956.22 ,956.71 ,949.84 ,1.15M,-0.20%
09-May-17,956.71 ,961.33 ,962.20 ,954.40 ,1.69M,-0.21%
08-May-17,958.69 ,947.45 ,960.99 ,947.39 ,1.88M,0.88%
05-May-17,950.28 ,956.72 ,958.44 ,948.10 ,1.62M,-0.47%
04-May-17,954.72 ,950.29 ,959.14 ,947.37 ,1.94M,0.66%
03-May-17,948.45 ,936.05 ,950.20 ,935.21 ,1.82M,1.21%
02-May-17,937.09 ,933.27 ,942.99 ,931.00 ,1.75M,0.46%
01-May-17,932.82 ,924.15 ,935.82 ,920.80 ,2.33M,0.90%
28-Apr-17,924.52 ,929.00 ,935.90 ,923.22 ,3.85M,3.71%
27-Apr-17,891.44 ,890.00 ,893.38 ,887.18 ,2.34M,0.26%
26-Apr-17,889.14 ,891.39 ,892.99 ,885.15 ,1.32M,0.03%
25-Apr-17,888.84 ,882.26 ,892.25 ,879.28 ,2.04M,1.13%
24-Apr-17,878.93 ,868.44 ,879.96 ,866.11 ,1.70M,2.33%
21-Apr-17,858.95 ,860.62 ,862.44 ,857.73 ,1.17M,-0.13%
20-Apr-17,860.08 ,859.74 ,863.93 ,857.50 ,1.19M,0.42%
19-Apr-17,856.51 ,857.38 ,860.20 ,853.53 ,1.08M,0.30%
18-Apr-17,853.99 ,852.54 ,857.39 ,851.25 ,936.20K,-0.13%
17-Apr-17,855.13 ,841.38 ,855.64 ,841.03 ,1.05M,1.78%
13-Apr-17,840.18 ,841.04 ,843.73 ,837.85 ,1.07M,-0.15%
12-Apr-17,841.46 ,838.46 ,843.72 ,837.59 ,1.14M,0.19%
11-Apr-17,839.88 ,841.70 ,844.63 ,834.60 ,974.34K,-0.22%
10-Apr-17,841.70 ,841.54 ,846.74 ,840.79 ,1.05M,-0.05%
07-Apr-17,842.10 ,845.00 ,845.88 ,837.30 ,1.11M,-0.35%
06-Apr-17,845.10 ,849.50 ,853.59 ,844.00 ,1.53M,-0.45%
05-Apr-17,848.91 ,854.71 ,860.59 ,847.52 ,1.86M,-0.43%
04-Apr-17,852.57 ,848.00 ,853.00 ,847.50 ,1.35M,-0.49%
03-Apr-17,856.75 ,848.75 ,859.00 ,847.53 ,1.97M,1.06%
31-Mar-17,847.80 ,846.83 ,849.56 ,845.24 ,1.44M,-0.20%
30-Mar-17,849.48 ,851.98 ,852.00 ,846.77 ,949.40K,-0.05%
29-Mar-17,849.87 ,842.75 ,851.59 ,841.38 ,1.46M,1.10%
28-Mar-17,840.63 ,839.69 ,845.40 ,832.26 ,1.52M,0.25%
27-Mar-17,838.51 ,828.09 ,841.38 ,824.30 ,1.94M,0.40%
24-Mar-17,835.14 ,842.00 ,844.00 ,829.10 ,2.11M,-0.54%
23-Mar-17,839.65 ,841.39 ,841.69 ,833.00 ,3.29M,-1.19%
22-Mar-17,849.80 ,849.48 ,855.35 ,847.00 ,1.37M,-0.04%
21-Mar-17,850.14 ,870.06 ,873.47 ,847.69 ,2.54M,-2.05%
20-Mar-17,867.91 ,869.48 ,870.34 ,864.66 ,1.54M,-0.51%
17-Mar-17,872.37 ,873.68 ,874.42 ,868.37 ,1.87M,0.27%
16-Mar-17,870.00 ,870.53 ,872.71 ,867.52 ,1.10M,0.19%
15-Mar-17,868.39 ,867.94 ,869.88 ,861.29 ,1.33M,0.29%
14-Mar-17,865.91 ,863.75 ,867.58 ,860.13 ,1.06M,0.15%
13-Mar-17,864.58 ,860.83 ,867.13 ,860.82 ,1.17M,0.37%
10-Mar-17,861.40 ,862.70 ,864.23 ,857.61 ,1.34M,0.41%
09-Mar-17,857.84 ,853.69 ,860.71 ,852.67 ,1.35M,0.49%
08-Mar-17,853.64 ,853.12 ,856.93 ,851.25 ,1.03M,0.29%
07-Mar-17,851.15 ,847.26 ,853.33 ,845.52 ,1.04M,0.46%
06-Mar-17,847.27 ,846.86 ,848.94 ,841.17 ,1.05M,-0.21%
03-Mar-17,849.08 ,848.94 ,850.82 ,844.71 ,1.01M,-0.09%
02-Mar-17,849.85 ,856.31 ,856.49 ,848.72 ,1.25M,-0.81%
01-Mar-17,856.75 ,851.38 ,858.00 ,849.02 ,1.82M,1.40%
28-Feb-17,844.93 ,847.35 ,848.83 ,841.44 ,1.38M,-0.56%
27-Feb-17,849.67 ,844.95 ,850.67 ,843.01 ,1.01M,0.22%
24-Feb-17,847.81 ,847.65 ,848.36 ,842.96 ,1.35M,-0.37%
23-Feb-17,851.00 ,851.08 ,852.62 ,842.50 ,1.39M,-0.04%
22-Feb-17,851.36 ,848.00 ,853.79 ,846.71 ,1.22M,0.25%
21-Feb-17,849.27 ,847.99 ,852.20 ,846.55 ,1.26M,0.32%
17-Feb-17,846.55 ,841.31 ,846.94 ,839.78 ,1.46M,0.52%
16-Feb-17,842.17 ,838.50 ,842.69 ,837.26 ,1.01M,0.58%
15-Feb-17,837.32 ,838.81 ,841.77 ,836.22 ,1.36M,-0.32%
14-Feb-17,840.03 ,839.77 ,842.00 ,835.83 ,1.36M,0.13%
13-Feb-17,838.96 ,837.70 ,841.74 ,836.25 ,1.30M,0.49%
10-Feb-17,834.85 ,832.95 ,837.15 ,830.51 ,1.42M,0.58%
09-Feb-17,830.06 ,831.73 ,831.98 ,826.50 ,1.19M,0.02%
08-Feb-17,829.88 ,830.53 ,834.25 ,825.11 ,1.30M,0.08%
07-Feb-17,829.23 ,825.50 ,831.92 ,823.29 ,1.67M,0.93%
06-Feb-17,821.62 ,820.92 ,822.39 ,814.29 ,1.35M,0.18%
03-Feb-17,820.13 ,823.13 ,826.13 ,819.35 ,1.53M,0.23%
02-Feb-17,818.26 ,815.00 ,824.56 ,812.05 ,1.69M,0.37%
01-Feb-17,815.24 ,824.00 ,824.00 ,812.25 ,2.25M,-0.60%
31-Jan-17,820.19 ,819.50 ,823.07 ,813.40 ,2.02M,-0.44%
30-Jan-17,823.83 ,837.06 ,837.23 ,821.03 ,3.52M,-2.51%
27-Jan-17,845.03 ,859.00 ,867.00 ,841.90 ,3.75M,-1.39%
26-Jan-17,856.98 ,859.05 ,861.00 ,850.52 ,3.49M,-0.17%
25-Jan-17,858.45 ,853.55 ,858.79 ,849.74 ,1.66M,1.05%
24-Jan-17,849.53 ,846.98 ,851.52 ,842.28 ,1.69M,0.60%
23-Jan-17,844.43 ,831.61 ,845.54 ,828.70 ,2.46M,1.96%
20-Jan-17,828.17 ,829.09 ,829.24 ,824.60 ,1.31M,0.46%
19-Jan-17,824.37 ,829.00 ,833.00 ,823.96 ,1.07M,-0.56%
18-Jan-17,829.02 ,829.80 ,829.81 ,824.08 ,1.03M,0.19%
17-Jan-17,827.46 ,830.00 ,830.18 ,823.20 ,1.44M,-0.42%
13-Jan-17,830.94 ,831.00 ,834.65 ,829.52 ,1.29M,0.17%
12-Jan-17,829.53 ,828.38 ,830.38 ,821.01 ,1.35M,-0.04%
11-Jan-17,829.86 ,826.62 ,829.90 ,821.47 ,1.33M,0.47%
10-Jan-17,826.01 ,827.07 ,829.41 ,823.14 ,1.20M,-0.14%
09-Jan-17,827.18 ,826.37 ,830.43 ,821.62 ,1.41M,0.24%
06-Jan-17,825.21 ,814.99 ,828.96 ,811.50 ,2.02M,1.50%
05-Jan-17,813.02 ,807.50 ,813.74 ,805.92 ,1.34M,0.65%
04-Jan-17,807.77 ,809.89 ,813.43 ,804.11 ,1.52M,-0.03%
03-Jan-17,808.01 ,800.62 ,811.43 ,796.89 ,1.96M,1.96%
30-Dec-16,792.45 ,803.21 ,803.28 ,789.62 ,1.74M,-1.30%
29-Dec-16,802.88 ,802.33 ,805.75 ,798.14 ,1.06M,-0.21%
28-Dec-16,804.57 ,813.33 ,813.33 ,802.44 ,1.21M,-0.66%
27-Dec-16,809.93 ,808.68 ,816.00 ,805.80 ,975.96K,0.26%
23-Dec-16,807.80 ,808.01 ,810.97 ,805.11 ,765.54K,-0.23%
22-Dec-16,809.68 ,809.10 ,811.07 ,806.03 ,1.13M,-0.31%
21-Dec-16,812.20 ,815.72 ,815.72 ,805.10 ,1.46M,-0.37%
20-Dec-16,815.20 ,813.37 ,816.49 ,811.00 ,1.27M,0.33%
19-Dec-16,812.50 ,809.28 ,816.22 ,804.50 ,1.26M,0.33%
16-Dec-16,809.84 ,818.31 ,819.20 ,808.12 ,2.60M,-0.71%
15-Dec-16,815.65 ,817.36 ,823.00 ,812.00 ,1.77M,-0.27%
14-Dec-16,817.89 ,815.92 ,824.26 ,812.78 ,1.80M,0.31%
13-Dec-16,815.34 ,812.39 ,824.30 ,811.94 ,2.13M,0.92%
12-Dec-16,807.90 ,804.82 ,811.35 ,804.53 ,1.63M,-0.19%
09-Dec-16,809.45 ,799.30 ,809.95 ,798.05 ,1.90M,1.80%
08-Dec-16,795.17 ,792.95 ,799.00 ,787.90 ,1.61M,0.47%
07-Dec-16,791.47 ,779.95 ,792.00 ,773.53 ,2.03M,1.97%
06-Dec-16,776.18 ,780.19 ,785.28 ,773.32 ,1.73M,-0.26%
05-Dec-16,778.22 ,770.00 ,780.00 ,766.97 ,1.69M,1.80%
02-Dec-16,764.46 ,761.90 ,770.50 ,759.00 ,1.72M,0.02%
01-Dec-16,764.33 ,778.55 ,778.60 ,753.36 ,2.87M,-1.49%
30-Nov-16,775.88 ,789.10 ,791.51 ,773.14 ,2.28M,-1.72%
29-Nov-16,789.44 ,788.38 ,796.44 ,785.34 ,1.56M,0.46%
28-Nov-16,785.79 ,778.35 ,799.74 ,778.10 ,2.58M,0.71%
25-Nov-16,780.23 ,782.61 ,782.90 ,778.19 ,613.55K,0.16%
23-Nov-16,779.00 ,789.52 ,789.52 ,772.65 ,1.31M,-0.76%
22-Nov-16,785.00 ,788.99 ,793.77 ,783.74 ,1.39M,0.03%
21-Nov-16,784.80 ,778.10 ,786.55 ,776.30 ,1.63M,1.14%
18-Nov-16,775.97 ,787.17 ,791.29 ,775.35 ,1.81M,-1.30%
17-Nov-16,786.16 ,782.50 ,788.90 ,779.85 ,1.53M,0.79%
16-Nov-16,779.98 ,770.42 ,783.50 ,766.33 ,1.80M,0.62%
15-Nov-16,775.16 ,765.47 ,780.24 ,765.22 ,2.94M,2.91%
14-Nov-16,753.22 ,771.76 ,771.78 ,743.59 ,3.69M,-2.40%
11-Nov-16,771.75 ,776.81 ,777.29 ,765.54 ,3.59M,-1.09%
10-Nov-16,780.29 ,810.00 ,810.06 ,768.23 ,5.91M,-3.14%
09-Nov-16,805.59 ,801.83 ,811.71 ,792.03 ,3.10M,-0.79%
08-Nov-16,811.98 ,802.03 ,816.04 ,799.62 ,1.77M,1.24%
07-Nov-16,802.03 ,794.95 ,805.00 ,792.90 ,1.99M,2.68%
04-Nov-16,781.10 ,771.30 ,788.48 ,771.00 ,1.97M,-0.14%
03-Nov-16,782.19 ,784.50 ,790.00 ,778.63 ,2.18M,-0.79%
02-Nov-16,788.42 ,806.76 ,806.76 ,785.00 ,2.35M,-2.12%
01-Nov-16,805.48 ,810.87 ,813.96 ,798.26 ,2.36M,-0.55%
31-Oct-16,809.90 ,822.43 ,822.63 ,808.00 ,2.24M,-1.18%
28-Oct-16,819.56 ,829.94 ,839.00 ,817.00 ,4.35M,0.27%
27-Oct-16,817.35 ,823.01 ,826.58 ,814.61 ,2.97M,-0.58%
26-Oct-16,822.10 ,827.12 ,827.71 ,816.35 ,1.79M,-0.78%
25-Oct-16,828.55 ,838.50 ,838.50 ,825.30 ,1.89M,-0.86%
24-Oct-16,835.74 ,830.09 ,837.94 ,829.04 ,1.45M,1.42%
21-Oct-16,824.06 ,820.00 ,824.29 ,818.31 ,1.62M,0.30%
20-Oct-16,821.63 ,827.56 ,828.47 ,820.55 ,1.39M,-0.66%
19-Oct-16,827.09 ,824.52 ,829.81 ,823.21 ,1.50M,0.68%
18-Oct-16,821.49 ,814.21 ,828.81 ,813.33 ,2.29M,1.82%
17-Oct-16,806.84 ,805.99 ,813.49 ,803.83 ,1.06M,0.28%
14-Oct-16,804.60 ,807.45 ,810.09 ,802.32 ,1.11M,0.06%
13-Oct-16,804.08 ,806.07 ,806.56 ,798.62 ,1.37M,-0.95%
12-Oct-16,811.77 ,811.96 ,814.50 ,808.55 ,907.88K,0.27%
11-Oct-16,809.57 ,814.17 ,819.86 ,807.37 ,1.72M,-0.56%
10-Oct-16,814.17 ,803.93 ,817.38 ,802.24 ,1.50M,1.68%
07-Oct-16,800.71 ,805.93 ,805.94 ,796.82 ,1.16M,-0.30%
06-Oct-16,803.08 ,804.08 ,806.95 ,800.51 ,1.10M,0.23%
05-Oct-16,801.23 ,806.00 ,808.50 ,800.71 ,1.21M,-0.19%
04-Oct-16,802.79 ,805.00 ,806.50 ,799.67 ,1.26M,0.30%
03-Oct-16,800.38 ,802.55 ,803.54 ,796.23 ,1.49M,-0.46%
30-Sep-16,804.06 ,803.60 ,808.09 ,801.50 ,1.66M,0.18%
29-Sep-16,802.64 ,807.23 ,813.91 ,800.86 ,1.35M,-0.92%
28-Sep-16,810.06 ,804.08 ,810.25 ,802.78 ,1.47M,-0.08%
27-Sep-16,810.73 ,801.83 ,813.49 ,801.83 ,1.37M,1.01%
26-Sep-16,802.65 ,809.82 ,810.08 ,800.45 ,1.47M,-1.51%
23-Sep-16,814.96 ,815.14 ,817.00 ,812.73 ,1.41M,-0.12%
22-Sep-16,815.95 ,810.00 ,819.06 ,807.71 ,1.76M,1.36%
21-Sep-16,805.03 ,801.26 ,805.91 ,796.03 ,1.35M,0.66%
20-Sep-16,799.78 ,800.00 ,802.75 ,798.26 ,1.05M,0.55%
19-Sep-16,795.39 ,801.11 ,803.99 ,793.56 ,1.15M,-0.32%
16-Sep-16,797.97 ,799.02 ,799.02 ,793.62 ,2.13M,-0.41%
15-Sep-16,801.23 ,790.01 ,803.64 ,788.66 ,1.57M,1.36%
14-Sep-16,790.46 ,787.53 ,796.33 ,787.53 ,1.31M,0.22%
13-Sep-16,788.72 ,794.01 ,795.79 ,784.33 ,1.81M,-1.26%
12-Sep-16,798.82 ,784.52 ,800.17 ,783.50 ,1.86M,1.31%
09-Sep-16,788.48 ,798.77 ,801.75 ,788.05 ,1.89M,-1.79%
08-Sep-16,802.84 ,805.22 ,808.42 ,801.01 ,1.18M,-0.64%
07-Sep-16,807.99 ,807.93 ,810.60 ,803.72 ,1.15M,0.00%
06-Sep-16,808.02 ,798.39 ,810.89 ,795.43 ,1.99M,1.40%
02-Sep-16,796.87 ,795.27 ,797.10 ,793.26 ,1.35M,0.69%
01-Sep-16,791.40 ,791.98 ,792.89 ,786.33 ,1.30M,0.20%
31-Aug-16,789.85 ,789.60 ,791.57 ,787.20 ,1.07M,-0.26%
30-Aug-16,791.92 ,792.88 ,798.00 ,789.47 ,1.17M,-0.49%
29-Aug-16,795.82 ,793.05 ,798.52 ,790.32 ,773.70K,0.33%
26-Aug-16,793.22 ,792.49 ,799.40 ,789.41 ,1.25M,0.24%
25-Aug-16,791.30 ,792.00 ,794.72 ,787.23 ,1.20M,-0.29%
24-Aug-16,793.60 ,796.86 ,798.46 ,790.76 ,1.28M,-0.38%
23-Aug-16,796.59 ,800.48 ,801.00 ,795.99 ,917.51K,-0.05%
22-Aug-16,796.95 ,798.51 ,799.30 ,794.33 ,853.37K,-0.34%
19-Aug-16,799.65 ,799.79 ,801.23 ,796.88 ,1.12M,-0.39%
18-Aug-16,802.75 ,805.36 ,808.00 ,801.63 ,865.16K,-0.33%
17-Aug-16,805.42 ,800.00 ,805.63 ,796.30 ,1.07M,0.53%
16-Aug-16,801.19 ,803.50 ,804.26 ,797.00 ,1.06M,-0.59%
15-Aug-16,805.96 ,807.21 ,811.36 ,804.03 ,930.07K,-0.14%
12-Aug-16,807.05 ,805.09 ,807.19 ,803.64 ,897.28K,-0.14%
11-Aug-16,808.20 ,810.47 ,813.88 ,806.00 ,1.28M,-0.04%
10-Aug-16,808.49 ,807.05 ,810.88 ,806.49 ,918.51K,0.13%
09-Aug-16,807.48 ,804.49 ,813.33 ,804.06 ,1.61M,0.28%
08-Aug-16,805.23 ,806.00 ,807.60 ,801.69 ,1.22M,-0.21%
05-Aug-16,806.93 ,800.11 ,807.22 ,797.81 ,1.81M,1.21%
04-Aug-16,797.25 ,798.24 ,800.20 ,793.92 ,1.08M,-0.21%
03-Aug-16,798.92 ,796.47 ,799.54 ,793.02 ,1.46M,-0.15%
02-Aug-16,800.12 ,797.33 ,802.32 ,794.53 ,2.00M,-0.10%
01-Aug-16,800.94 ,786.67 ,807.49 ,785.04 ,3.03M,1.21%
29-Jul-16,791.34 ,797.71 ,803.94 ,790.00 ,5.09M,3.33%
28-Jul-16,765.84 ,768.84 ,768.97 ,759.09 ,3.67M,0.51%
27-Jul-16,761.97 ,758.97 ,764.45 ,755.93 ,1.61M,0.57%
26-Jul-16,757.65 ,757.52 ,759.26 ,752.75 ,1.19M,0.02%
25-Jul-16,757.52 ,757.68 ,759.82 ,754.07 ,1.07M,-0.23%
22-Jul-16,759.28 ,757.32 ,759.45 ,752.65 ,1.05M,0.65%
21-Jul-16,754.41 ,757.00 ,758.15 ,751.52 ,953.05K,-0.35%
20-Jul-16,757.08 ,754.05 ,760.64 ,754.05 ,1.13M,0.49%
19-Jul-16,753.41 ,749.87 ,756.59 ,748.49 ,1.52M,0.03%
18-Jul-16,753.20 ,737.91 ,755.14 ,736.51 ,1.93M,2.39%
15-Jul-16,735.63 ,741.00 ,741.00 ,734.64 ,1.62M,-0.02%
14-Jul-16,735.80 ,733.94 ,736.14 ,730.59 ,1.07M,0.87%
13-Jul-16,729.48 ,735.52 ,735.52 ,729.02 ,1.02M,-0.41%
12-Jul-16,732.51 ,731.92 ,735.60 ,727.50 ,1.33M,0.73%
11-Jul-16,727.20 ,719.42 ,728.93 ,718.87 ,1.44M,1.31%
08-Jul-16,717.78 ,710.56 ,717.90 ,708.11 ,1.50M,1.49%
07-Jul-16,707.26 ,710.11 ,710.17 ,700.67 ,1.06M,-0.24%
06-Jul-16,708.97 ,699.84 ,713.00 ,699.00 ,1.45M,0.58%
05-Jul-16,704.89 ,705.01 ,708.12 ,699.13 ,1.42M,-0.75%
01-Jul-16,710.25 ,705.10 ,712.53 ,703.73 ,1.55M,0.96%
30-Jun-16,703.53 ,697.65 ,703.77 ,694.90 ,2.11M,1.20%
29-Jun-16,695.19 ,694.26 ,699.50 ,692.68 ,2.16M,0.57%
28-Jun-16,691.26 ,691.37 ,692.74 ,684.85 ,1.91M,1.49%
27-Jun-16,681.14 ,682.49 ,683.33 ,672.66 ,2.92M,-0.59%
24-Jun-16,685.20 ,690.17 ,705.00 ,684.91 ,4.77M,-4.15%
23-Jun-16,714.87 ,710.55 ,714.88 ,700.25 ,2.13M,0.62%
22-Jun-16,710.47 ,714.05 ,714.21 ,705.88 ,1.45M,0.22%
21-Jun-16,708.88 ,710.05 ,715.38 ,704.66 ,1.52M,0.39%
20-Jun-16,706.13 ,710.31 ,715.87 ,705.41 ,2.28M,0.27%
17-Jun-16,704.25 ,721.39 ,721.39 ,701.12 ,4.11M,-2.76%
16-Jun-16,724.25 ,727.96 ,730.39 ,715.54 ,2.25M,-1.08%
15-Jun-16,732.19 ,734.92 ,737.15 ,731.31 ,1.16M,-0.14%
14-Jun-16,733.25 ,729.31 ,736.00 ,726.50 ,1.33M,0.19%
13-Jun-16,731.88 ,729.82 ,739.00 ,729.82 ,1.17M,-0.18%
10-Jun-16,733.19 ,735.95 ,739.64 ,730.51 ,1.45M,-1.26%
09-Jun-16,742.52 ,737.07 ,743.93 ,736.50 ,958.96K,-0.06%
08-Jun-16,742.93 ,739.50 ,743.81 ,735.76 ,1.62M,1.62%
07-Jun-16,731.09 ,733.27 ,736.71 ,730.80 ,1.22M,0.14%
06-Jun-16,730.06 ,738.50 ,738.50 ,728.29 ,1.50M,-0.79%
03-Jun-16,735.86 ,741.49 ,741.49 ,733.91 ,1.23M,-1.13%
02-Jun-16,744.27 ,746.10 ,747.30 ,737.00 ,1.70M,-0.56%
01-Jun-16,748.46 ,748.47 ,751.37 ,744.34 ,1.04M,-0.05%
31-May-16,748.85 ,748.76 ,753.48 ,745.57 ,2.12M,0.17%
27-May-16,747.60 ,737.51 ,747.91 ,737.01 ,1.74M,1.45%
26-May-16,736.93 ,736.00 ,741.10 ,733.00 ,1.36M,-0.16%
25-May-16,738.10 ,735.00 ,739.89 ,732.60 ,1.62M,0.69%
24-May-16,733.03 ,719.85 ,734.20 ,719.64 ,1.89M,2.20%
23-May-16,717.25 ,719.98 ,723.50 ,716.94 ,1.24M,-0.62%
20-May-16,721.71 ,716.46 ,727.70 ,715.01 ,1.74M,0.89%
19-May-16,715.31 ,718.30 ,720.50 ,710.30 ,1.53M,-0.90%
18-May-16,721.78 ,718.50 ,725.57 ,715.02 ,1.63M,0.22%
17-May-16,720.19 ,731.06 ,735.85 ,718.00 ,1.67M,-1.38%
16-May-16,730.30 ,724.32 ,732.68 ,720.00 ,1.13M,0.75%
13-May-16,724.83 ,726.62 ,731.29 ,723.51 ,1.26M,-0.45%
12-May-16,728.07 ,732.00 ,735.37 ,724.27 ,1.35M,-0.34%
11-May-16,730.55 ,740.52 ,740.80 ,727.90 ,1.49M,-1.19%
10-May-16,739.38 ,734.96 ,740.00 ,731.61 ,1.63M,1.41%
09-May-16,729.13 ,726.70 ,734.29 ,723.50 ,1.90M,0.54%
06-May-16,725.18 ,712.20 ,725.99 ,711.95 ,2.00M,1.46%
05-May-16,714.71 ,715.00 ,717.55 ,709.45 ,1.48M,0.47%
04-May-16,711.37 ,706.77 ,715.05 ,704.05 ,1.71M,0.41%
03-May-16,708.44 ,712.50 ,713.37 ,707.33 ,1.93M,-0.84%
02-May-16,714.41 ,711.92 ,715.41 ,706.36 ,1.67M,0.92%
29-Apr-16,707.88 ,704.12 ,712.11 ,703.78 ,2.91M,0.40%
28-Apr-16,705.06 ,723.29 ,729.26 ,703.20 ,3.13M,-2.27%
27-Apr-16,721.46 ,725.32 ,727.15 ,709.08 ,3.31M,-0.54%
26-Apr-16,725.37 ,744.42 ,745.59 ,720.32 ,2.79M,-2.27%
25-Apr-16,742.21 ,735.35 ,744.88 ,735.10 ,2.47M,0.60%
22-Apr-16,737.77 ,743.91 ,753.92 ,730.37 ,7.04M,-5.41%
21-Apr-16,780.00 ,777.31 ,781.68 ,771.55 ,3.88M,0.66%
20-Apr-16,774.92 ,779.16 ,779.66 ,771.27 ,1.71M,-0.17%
19-Apr-16,776.25 ,790.50 ,790.95 ,770.27 ,2.20M,-1.45%
18-Apr-16,787.68 ,780.19 ,788.55 ,777.61 ,1.68M,0.98%
15-Apr-16,780.00 ,775.50 ,780.93 ,774.93 ,1.59M,0.59%
14-Apr-16,775.39 ,775.36 ,779.61 ,773.22 ,1.35M,0.45%
13-Apr-16,771.91 ,770.31 ,775.75 ,764.59 ,1.77M,0.99%
12-Apr-16,764.32 ,758.43 ,764.92 ,751.57 ,1.37M,0.90%
11-Apr-16,757.54 ,765.45 ,767.22 ,757.34 ,1.59M,-0.25%
08-Apr-16,759.47 ,765.87 ,767.13 ,755.77 ,1.17M,-0.09%
07-Apr-16,760.12 ,765.32 ,769.36 ,757.50 ,1.27M,-1.04%
06-Apr-16,768.07 ,757.84 ,768.42 ,756.30 ,1.27M,1.25%
05-Apr-16,758.57 ,758.13 ,762.87 ,755.60 ,1.22M,-0.86%
04-Apr-16,765.12 ,769.51 ,772.44 ,761.78 ,1.35M,-0.59%
01-Apr-16,769.67 ,757.16 ,770.04 ,755.20 ,1.58M,0.89%
31-Mar-16,762.90 ,768.34 ,769.08 ,758.25 ,1.63M,-0.71%
30-Mar-16,768.34 ,768.21 ,777.31 ,767.58 ,2.02M,0.32%
29-Mar-16,765.89 ,753.68 ,767.18 ,748.29 ,2.00M,1.67%
28-Mar-16,753.28 ,756.17 ,758.30 ,752.04 ,1.08M,-0.21%
24-Mar-16,754.84 ,751.20 ,757.55 ,750.50 ,1.56M,-0.36%
23-Mar-16,757.56 ,763.35 ,765.39 ,756.03 ,1.23M,-0.33%
22-Mar-16,760.05 ,758.44 ,765.00 ,757.88 ,1.10M,-0.28%
21-Mar-16,762.16 ,753.91 ,763.34 ,751.27 ,1.44M,0.89%
18-Mar-16,755.41 ,761.63 ,762.14 ,751.82 ,2.81M,-0.40%
17-Mar-16,758.48 ,757.65 ,765.34 ,757.36 ,2.23M,0.15%
16-Mar-16,757.36 ,749.05 ,759.00 ,746.50 ,1.47M,0.90%
15-Mar-16,750.57 ,746.02 ,753.01 ,742.84 ,1.49M,0.04%
14-Mar-16,750.24 ,744.97 ,754.26 ,743.66 ,1.64M,0.72%
11-Mar-16,744.87 ,739.95 ,744.90 ,736.70 ,1.77M,1.73%
10-Mar-16,732.17 ,727.79 ,736.54 ,723.29 ,2.23M,0.93%
09-Mar-16,725.41 ,715.16 ,726.24 ,712.66 ,1.98M,1.66%
08-Mar-16,713.53 ,708.39 ,722.25 ,704.00 ,2.63M,0.10%
07-Mar-16,712.80 ,725.15 ,727.21 ,705.14 ,3.09M,-2.39%
04-Mar-16,730.22 ,734.80 ,735.00 ,725.62 ,2.43M,-0.19%
03-Mar-16,731.59 ,739.48 ,741.00 ,729.63 ,2.03M,-1.07%
02-Mar-16,739.48 ,742.87 ,743.12 ,733.25 ,1.81M,-0.36%
01-Mar-16,742.17 ,721.30 ,742.33 ,718.64 ,3.01M,3.48%
29-Feb-16,717.22 ,721.00 ,730.60 ,716.84 ,2.25M,-1.02%
27-Feb-16,724.62 ,724.44 ,724.62 ,724.44 ,1.92M,-0.03%
26-Feb-16,724.86 ,733.60 ,736.16 ,721.94 ,2.12M,-0.58%
25-Feb-16,729.12 ,722.93 ,729.51 ,713.23 ,1.81M,1.14%
24-Feb-16,720.90 ,710.61 ,721.22 ,702.02 ,1.85M,0.50%
23-Feb-16,717.29 ,726.10 ,730.90 ,715.67 ,2.07M,-1.61%
22-Feb-16,729.05 ,729.51 ,734.85 ,723.45 ,1.88M,0.96%
19-Feb-16,722.11 ,715.90 ,724.03 ,713.12 ,1.75M,0.64%
18-Feb-16,717.51 ,733.96 ,736.00 ,715.55 ,2.36M,-1.98%
17-Feb-16,731.97 ,727.00 ,733.76 ,716.61 ,2.46M,2.00%
16-Feb-16,717.64 ,718.65 ,722.88 ,710.18 ,2.17M,1.52%
12-Feb-16,706.89 ,712.21 ,716.00 ,701.58 ,2.33M,0.08%
11-Feb-16,706.36 ,696.34 ,712.32 ,691.19 ,3.25M,-0.07%
10-Feb-16,706.85 ,711.79 ,723.22 ,705.39 ,3.02M,0.83%
09-Feb-16,701.02 ,692.95 ,720.96 ,688.50 ,4.21M,-0.45%
08-Feb-16,704.16 ,687.68 ,704.52 ,682.01 ,4.47M,0.06%
05-Feb-16,703.76 ,725.50 ,726.72 ,700.14 ,5.48M,-3.60%
04-Feb-16,730.03 ,744.59 ,745.24 ,722.60 ,5.25M,-2.58%
03-Feb-16,749.38 ,786.28 ,791.43 ,736.26 ,6.56M,-4.04%
02-Feb-16,780.91 ,800.50 ,810.35 ,780.60 ,6.79M,1.32%
01-Feb-16,770.77 ,771.26 ,777.59 ,761.38 ,5.58M,1.24%
29-Jan-16,761.35 ,748.96 ,765.11 ,744.20 ,3.79M,1.74%
28-Jan-16,748.30 ,738.19 ,751.16 ,730.60 ,3.11M,4.28%
27-Jan-16,717.58 ,735.89 ,735.89 ,713.45 ,2.12M,-2.21%
26-Jan-16,733.79 ,735.21 ,739.46 ,726.97 ,1.55M,0.02%
25-Jan-16,733.62 ,743.84 ,752.46 ,732.50 ,2.27M,-1.59%
22-Jan-16,745.46 ,742.00 ,748.56 ,740.50 ,2.36M,2.59%
21-Jan-16,726.67 ,720.17 ,737.67 ,711.11 ,2.60M,1.13%
20-Jan-16,718.56 ,705.90 ,726.95 ,687.78 ,4.12M,-0.07%
19-Jan-16,719.08 ,720.15 ,725.35 ,709.85 ,2.44M,1.21%
15-Jan-16,710.49 ,709.99 ,724.16 ,701.51 ,3.83M,-2.86%
14-Jan-16,731.39 ,724.44 ,739.89 ,705.00 ,2.78M,1.64%
13-Jan-16,719.57 ,749.34 ,753.00 ,716.78 ,2.59M,-3.46%
12-Jan-16,745.34 ,740.75 ,748.34 ,736.43 ,2.34M,1.67%
11-Jan-16,733.07 ,731.95 ,735.08 ,719.56 ,2.54M,0.30%
08-Jan-16,730.91 ,747.80 ,750.12 ,728.92 ,2.38M,-1.36%
07-Jan-16,741.00 ,746.49 ,755.31 ,735.28 ,3.16M,-2.41%
06-Jan-16,759.33 ,750.37 ,765.73 ,748.00 ,2.41M,-0.29%
05-Jan-16,761.53 ,764.10 ,769.20 ,755.65 ,2.26M,0.28%
04-Jan-16,759.44 ,762.20 ,762.20 ,747.54 ,3.37M,-2.39%
31-Dec-15,778.01 ,787.82 ,788.33 ,777.32 ,1.64M,-1.56%
30-Dec-15,790.30 ,793.96 ,796.46 ,787.20 ,1.43M,-0.46%
29-Dec-15,793.96 ,786.99 ,798.69 ,786.20 ,1.92M,1.50%
28-Dec-15,782.24 ,770.00 ,782.82 ,767.73 ,1.56M,2.14%
24-Dec-15,765.84 ,768.52 ,769.20 ,764.39 ,521.14K,-0.35%
23-Dec-15,768.51 ,770.69 ,771.90 ,757.65 ,1.53M,0.18%
22-Dec-15,767.13 ,764.27 ,770.34 ,761.20 ,1.82M,0.83%
21-Dec-15,760.80 ,763.05 ,766.35 ,754.15 ,1.74M,0.52%
18-Dec-15,756.85 ,767.23 ,774.14 ,756.59 ,3.39M,-1.69%
17-Dec-15,769.83 ,781.16 ,781.59 ,769.30 ,1.83M,-0.87%
16-Dec-15,776.59 ,766.57 ,781.50 ,757.04 ,2.66M,2.17%
15-Dec-15,760.09 ,767.79 ,774.75 ,758.00 ,2.47M,-0.32%
14-Dec-15,762.54 ,751.26 ,764.15 ,736.26 ,2.71M,1.62%
11-Dec-15,750.42 ,749.00 ,757.44 ,748.65 ,2.16M,-1.27%
10-Dec-15,760.04 ,763.59 ,766.07 ,755.00 ,1.62M,-0.33%
09-Dec-15,762.55 ,771.10 ,776.09 ,752.01 ,2.33M,-1.62%
08-Dec-15,775.14 ,764.50 ,778.65 ,762.52 ,1.55M,0.28%
07-Dec-15,772.99 ,780.06 ,781.00 ,766.72 ,1.83M,-0.80%
04-Dec-15,779.21 ,769.71 ,782.42 ,765.51 ,2.49M,1.43%
03-Dec-15,768.20 ,780.56 ,784.48 ,762.45 ,2.10M,-1.24%
02-Dec-15,777.85 ,785.25 ,793.05 ,776.43 ,2.34M,-0.76%
01-Dec-15,783.79 ,766.94 ,785.00 ,765.95 ,2.02M,2.74%
30-Nov-15,762.85 ,771.87 ,775.03 ,761.12 ,1.68M,-1.18%
27-Nov-15,771.97 ,769.16 ,774.00 ,767.00 ,722.32K,0.35%
25-Nov-15,769.26 ,771.69 ,773.00 ,766.53 ,1.18M,-0.05%
24-Nov-15,769.63 ,772.96 ,775.99 ,758.11 ,2.39M,-0.91%
23-Nov-15,776.70 ,777.47 ,782.90 ,773.51 ,1.73M,-0.04%
20-Nov-15,777.00 ,769.30 ,779.32 ,764.10 ,2.77M,2.24%
19-Nov-15,759.94 ,759.78 ,763.23 ,757.23 ,1.40M,-0.01%
18-Nov-15,760.01 ,749.57 ,761.10 ,747.39 ,1.81M,1.88%
17-Nov-15,745.98 ,752.47 ,754.95 ,744.05 ,1.94M,-0.59%
16-Nov-15,750.42 ,740.21 ,751.71 ,734.33 ,2.54M,1.40%
13-Nov-15,740.07 ,754.04 ,755.33 ,739.47 ,2.41M,-2.18%
12-Nov-15,756.53 ,760.18 ,765.80 ,755.86 ,1.77M,-1.14%
11-Nov-15,765.25 ,762.38 ,769.08 ,759.75 ,2.10M,0.92%
10-Nov-15,758.26 ,753.48 ,760.60 ,748.41 ,1.49M,0.46%
09-Nov-15,754.77 ,758.52 ,763.30 ,749.11 ,1.78M,-0.90%
06-Nov-15,761.60 ,759.39 ,763.02 ,755.03 ,1.68M,0.12%
05-Nov-15,760.67 ,758.81 ,766.35 ,757.47 ,2.27M,0.71%
04-Nov-15,755.31 ,749.90 ,759.90 ,749.20 ,2.09M,0.87%
03-Nov-15,748.82 ,745.43 ,751.70 ,741.16 ,1.82M,0.14%
02-Nov-15,747.74 ,737.88 ,748.18 ,731.45 ,2.00M,1.40%
30-Oct-15,737.39 ,745.56 ,746.31 ,736.53 ,2.00M,-1.00%
29-Oct-15,744.85 ,736.63 ,746.79 ,735.16 ,1.83M,1.08%
28-Oct-15,736.92 ,733.00 ,737.37 ,727.27 ,1.98M,0.56%
27-Oct-15,732.82 ,726.57 ,735.96 ,724.13 ,1.94M,0.23%
26-Oct-15,731.12 ,720.02 ,734.95 ,720.02 ,2.44M,1.64%
23-Oct-15,719.33 ,750.06 ,752.50 ,717.94 ,6.34M,5.61%
22-Oct-15,681.14 ,675.44 ,688.05 ,671.70 ,4.43M,1.39%
21-Oct-15,671.80 ,683.21 ,684.90 ,670.70 ,1.61M,-1.21%
20-Oct-15,680.00 ,697.89 ,698.00 ,673.68 ,2.62M,-2.85%
19-Oct-15,699.95 ,694.00 ,700.24 ,692.21 ,1.51M,0.67%
16-Oct-15,695.32 ,695.40 ,696.22 ,689.10 ,1.82M,0.33%
15-Oct-15,693.02 ,685.25 ,694.16 ,684.39 ,2.36M,1.85%
14-Oct-15,680.41 ,683.73 ,690.04 ,678.90 ,1.56M,-0.40%
13-Oct-15,683.17 ,674.26 ,688.46 ,673.11 ,2.12M,1.00%
12-Oct-15,676.43 ,669.19 ,677.98 ,667.24 ,1.33M,0.77%
09-Oct-15,671.24 ,667.49 ,674.09 ,662.36 ,1.61M,0.64%
08-Oct-15,667.00 ,669.45 ,671.89 ,654.49 ,1.97M,-0.45%
07-Oct-15,670.00 ,677.40 ,678.74 ,658.11 ,2.22M,-0.24%
06-Oct-15,671.64 ,669.35 ,678.80 ,663.08 ,2.16M,-0.01%
05-Oct-15,671.68 ,661.60 ,673.03 ,655.87 ,1.90M,2.24%
02-Oct-15,656.99 ,638.01 ,658.26 ,633.50 ,2.44M,2.33%
01-Oct-15,642.00 ,637.94 ,643.84 ,631.12 ,2.13M,0.57%
30-Sep-15,638.37 ,631.83 ,639.31 ,629.15 ,2.65M,2.53%
29-Sep-15,622.61 ,625.50 ,634.68 ,618.03 ,2.11M,-0.26%
28-Sep-15,624.25 ,639.05 ,642.85 ,617.84 ,2.38M,-2.48%
25-Sep-15,640.15 ,658.58 ,658.58 ,639.65 ,2.42M,-2.25%
24-Sep-15,654.91 ,648.97 ,656.77 ,642.16 ,1.93M,0.25%
23-Sep-15,653.29 ,652.90 ,660.28 ,650.73 ,1.46M,0.01%
22-Sep-15,653.20 ,657.47 ,658.82 ,645.03 ,2.72M,-2.07%
21-Sep-15,666.98 ,665.51 ,669.00 ,658.00 ,1.95M,0.92%
18-Sep-15,660.92 ,665.06 ,669.84 ,660.03 ,3.63M,-1.60%
17-Sep-15,671.67 ,667.49 ,681.99 ,665.00 ,2.39M,0.92%
16-Sep-15,665.52 ,665.55 ,668.07 ,662.20 ,1.31M,0.07%
15-Sep-15,665.07 ,656.71 ,668.85 ,653.34 ,1.78M,1.93%
14-Sep-15,652.47 ,655.63 ,655.92 ,649.50 ,1.50M,-0.43%
11-Sep-15,655.30 ,650.21 ,655.31 ,647.41 ,1.74M,0.65%
10-Sep-15,651.08 ,643.90 ,654.90 ,641.70 ,1.39M,1.19%
09-Sep-15,643.41 ,651.88 ,657.36 ,640.90 ,2.05M,-0.07%
08-Sep-15,643.88 ,641.00 ,645.04 ,632.90 ,1.95M,2.37%
04-Sep-15,628.96 ,629.70 ,634.50 ,626.50 ,2.02M,-1.27%
03-Sep-15,637.05 ,647.93 ,651.25 ,633.81 ,1.73M,-1.22%
02-Sep-15,644.91 ,638.00 ,645.06 ,630.64 ,1.88M,2.44%
01-Sep-15,629.56 ,633.81 ,644.44 ,625.06 ,2.57M,-2.82%
31-Aug-15,647.82 ,654.34 ,664.41 ,646.35 ,1.95M,-1.80%
28-Aug-15,659.69 ,665.76 ,667.00 ,653.75 ,1.94M,-1.24%
27-Aug-15,667.96 ,671.99 ,673.98 ,651.10 ,2.95M,1.25%
26-Aug-15,659.74 ,643.10 ,662.48 ,630.37 ,4.39M,7.72%
25-Aug-15,612.47 ,646.47 ,647.00 ,611.67 ,3.57M,-0.91%
24-Aug-15,618.11 ,600.60 ,644.33 ,593.09 ,6.49M,-4.02%
21-Aug-15,644.03 ,671.04 ,672.89 ,643.10 ,4.59M,-5.22%
20-Aug-15,679.48 ,689.10 ,696.16 ,675.28 ,2.89M,-2.10%
19-Aug-15,694.04 ,690.11 ,700.20 ,686.80 ,2.51M,0.77%
18-Aug-15,688.73 ,691.07 ,695.76 ,685.32 ,1.39M,-0.78%
17-Aug-15,694.11 ,688.04 ,694.74 ,683.06 ,1.23M,0.69%
14-Aug-15,689.37 ,684.04 ,692.26 ,682.90 ,1.38M,0.42%
13-Aug-15,686.51 ,689.20 ,694.03 ,682.18 ,1.82M,-0.72%
12-Aug-15,691.47 ,694.49 ,696.00 ,680.51 ,2.93M,0.17%
11-Aug-15,690.30 ,699.58 ,704.00 ,684.32 ,5.49M,4.10%
10-Aug-15,663.14 ,667.09 ,671.62 ,660.23 ,1.72M,-0.19%
07-Aug-15,664.39 ,667.78 ,668.79 ,658.87 ,1.38M,-0.86%
06-Aug-15,670.15 ,673.99 ,674.75 ,660.73 ,2.03M,-0.47%
05-Aug-15,673.29 ,665.75 ,679.91 ,665.58 ,1.82M,1.82%
04-Aug-15,661.28 ,664.34 ,668.00 ,660.51 ,1.31M,-0.52%
03-Aug-15,664.72 ,657.66 ,666.67 ,657.66 ,1.57M,1.10%
31-Jul-15,657.50 ,664.70 ,665.00 ,657.20 ,1.75M,-1.06%
30-Jul-15,664.56 ,657.44 ,668.05 ,651.69 ,1.98M,0.47%
29-Jul-15,661.43 ,662.26 ,663.33 ,652.84 ,1.84M,0.27%
28-Jul-15,659.66 ,661.76 ,664.10 ,653.41 ,1.72M,0.21%
27-Jul-15,658.27 ,651.57 ,667.07 ,651.55 ,2.92M,0.53%
24-Jul-15,654.77 ,676.77 ,677.79 ,653.18 ,4.13M,-2.96%
23-Jul-15,674.73 ,691.85 ,696.07 ,671.59 ,3.81M,-2.93%
22-Jul-15,695.10 ,694.02 ,713.33 ,691.62 ,4.15M,-0.04%
21-Jul-15,695.35 ,684.88 ,705.60 ,684.15 ,3.78M,0.36%
20-Jul-15,692.84 ,688.98 ,697.80 ,681.77 ,5.12M,-0.97%
17-Jul-15,699.62 ,680.00 ,703.00 ,678.00 ,12.86M,16.26%
16-Jul-15,601.78 ,589.50 ,604.50 ,587.92 ,5.63M,3.05%
15-Jul-15,583.96 ,583.74 ,588.69 ,580.21 ,2.07M,-0.04%
14-Jul-15,584.18 ,574.50 ,589.71 ,574.17 ,3.74M,2.18%
13-Jul-15,571.73 ,559.51 ,572.85 ,558.70 ,2.09M,2.81%
10-Jul-15,556.11 ,553.71 ,559.29 ,552.00 ,2.17M,2.10%
09-Jul-15,544.65 ,548.65 ,548.88 ,544.62 ,1.49M,0.54%
08-Jul-15,541.70 ,545.60 ,548.28 ,541.20 ,1.38M,-1.51%
07-Jul-15,550.03 ,547.43 ,551.00 ,539.85 ,1.68M,0.81%
06-Jul-15,545.62 ,542.25 ,548.58 ,542.10 ,1.28M,-0.31%
02-Jul-15,547.34 ,544.74 ,548.00 ,543.57 ,1.41M,0.74%
01-Jul-15,543.30 ,543.66 ,545.81 ,539.76 ,1.54M,0.60%
30-Jun-15,540.04 ,545.09 ,545.90 ,539.54 ,1.73M,-0.22%
29-Jun-15,541.25 ,546.75 ,550.90 ,540.24 ,1.89M,-2.14%
26-Jun-15,553.06 ,559.71 ,560.00 ,551.85 ,2.18M,-0.88%
25-Jun-15,557.95 ,560.30 ,563.14 ,557.46 ,1.34M,-0.11%
24-Jun-15,558.57 ,562.48 ,562.64 ,556.81 ,1.45M,-0.86%
23-Jun-15,563.39 ,559.79 ,564.90 ,557.15 ,1.57M,0.66%
22-Jun-15,559.68 ,559.41 ,565.61 ,558.91 ,1.74M,0.39%
19-Jun-15,557.52 ,556.52 ,557.91 ,552.26 ,2.96M,0.24%
18-Jun-15,556.18 ,548.00 ,557.25 ,548.00 ,2.06M,1.75%
17-Jun-15,546.60 ,545.42 ,548.36 ,541.81 ,1.22M,0.32%
16-Jun-15,544.87 ,544.48 ,546.69 ,541.57 ,1.63M,0.34%
15-Jun-15,543.00 ,542.73 ,544.05 ,539.21 ,1.36M,-0.82%
12-Jun-15,547.47 ,547.15 ,548.85 ,545.63 ,1.27M,-0.47%
11-Jun-15,550.04 ,554.49 ,554.83 ,549.17 ,1.29M,-0.46%
10-Jun-15,552.60 ,545.70 ,554.78 ,545.11 ,1.52M,1.93%
09-Jun-15,542.16 ,543.42 ,544.84 ,538.85 ,1.50M,-0.24%
08-Jun-15,543.48 ,549.61 ,549.87 ,542.95 ,1.37M,-1.10%
05-Jun-15,549.53 ,552.00 ,553.33 ,547.38 ,1.22M,-0.39%
04-Jun-15,551.69 ,552.18 ,555.96 ,549.12 ,1.34M,-0.65%
03-Jun-15,555.29 ,555.10 ,557.99 ,552.15 ,1.34M,0.24%
02-Jun-15,553.95 ,547.43 ,558.79 ,546.55 ,1.59M,0.86%
01-Jun-15,549.21 ,548.73 ,550.57 ,543.58 ,1.66M,0.71%
29-May-15,545.32 ,553.20 ,553.94 ,545.04 ,2.17M,-1.60%
28-May-15,554.18 ,553.79 ,555.76 ,550.80 ,1.18M,-0.01%
27-May-15,554.25 ,548.68 ,555.29 ,546.58 ,1.74M,1.29%
26-May-15,547.19 ,552.58 ,553.33 ,542.97 ,1.87M,-1.32%
22-May-15,554.52 ,554.46 ,558.24 ,553.62 ,1.21M,-0.41%
21-May-15,556.81 ,550.20 ,557.61 ,549.30 ,1.71M,0.78%
20-May-15,552.51 ,550.92 ,556.07 ,545.10 ,1.54M,0.59%
19-May-15,549.28 ,548.00 ,553.40 ,547.12 ,2.36M,0.48%
18-May-15,546.67 ,543.82 ,548.34 ,542.25 ,1.34M,0.03%
15-May-15,546.49 ,550.39 ,550.60 ,542.50 ,1.67M,-0.49%
14-May-15,549.20 ,543.97 ,549.69 ,542.50 ,1.59M,1.80%
13-May-15,539.49 ,540.47 ,543.84 ,538.98 ,1.21M,0.14%
12-May-15,538.73 ,542.81 ,542.96 ,535.00 ,1.76M,-1.29%
11-May-15,545.78 ,548.49 ,553.37 ,545.60 ,1.09M,-0.58%
08-May-15,548.95 ,548.87 ,552.80 ,548.03 ,1.41M,1.27%
07-May-15,542.04 ,535.90 ,545.20 ,533.45 ,1.59M,1.30%
06-May-15,535.08 ,542.64 ,543.93 ,532.24 ,1.95M,-1.47%
05-May-15,543.04 ,550.16 ,552.61 ,542.37 ,1.43M,-1.77%
04-May-15,552.84 ,550.99 ,556.69 ,547.39 ,1.76M,0.30%
01-May-15,551.16 ,550.51 ,551.22 ,543.85 ,1.83M,0.44%
30-Apr-15,548.77 ,558.56 ,561.11 ,546.72 ,2.36M,-2.25%
29-Apr-15,561.39 ,560.51 ,565.84 ,559.00 ,1.68M,-0.53%
28-Apr-15,564.37 ,564.32 ,567.83 ,560.96 ,1.86M,-0.31%
27-Apr-15,566.12 ,572.77 ,575.52 ,562.30 ,2.40M,-1.31%
24-Apr-15,573.66 ,580.05 ,584.70 ,568.35 ,4.61M,2.91%
23-Apr-15,557.46 ,550.41 ,561.17 ,550.08 ,3.91M,1.51%
22-Apr-15,549.18 ,543.06 ,551.00 ,541.32 ,1.59M,1.15%
21-Apr-15,542.92 ,546.31 ,547.77 ,542.21 ,1.46M,-0.30%
20-Apr-15,544.53 ,533.75 ,545.80 ,533.35 ,1.93M,2.21%
17-Apr-15,532.74 ,537.31 ,539.80 ,529.00 ,2.46M,-1.98%
16-Apr-15,543.52 ,538.35 ,545.23 ,538.10 ,1.59M,0.46%
15-Apr-15,541.04 ,537.96 ,543.19 ,532.37 ,2.35M,0.23%
14-Apr-15,539.78 ,546.57 ,546.57 ,535.74 ,2.36M,-1.61%
13-Apr-15,548.64 ,547.05 ,553.27 ,546.30 ,1.47M,0.02%
10-Apr-15,548.54 ,549.57 ,549.85 ,544.98 ,1.31M,0.09%
09-Apr-15,548.02 ,549.21 ,549.37 ,541.95 ,1.62M,-0.15%
08-Apr-15,548.84 ,546.00 ,551.50 ,546.00 ,1.42M,0.73%
07-Apr-15,544.86 ,544.99 ,550.16 ,543.59 ,1.37M,0.17%
06-Apr-15,543.95 ,538.84 ,545.54 ,535.70 ,1.69M,0.49%
02-Apr-15,541.31 ,547.41 ,548.00 ,540.44 ,2.39M,-1.49%
01-Apr-15,549.49 ,554.83 ,558.50 ,546.03 ,1.95M,-0.94%
31-Mar-15,554.70 ,557.94 ,562.45 ,554.67 ,1.75M,-1.15%
30-Mar-15,561.13 ,560.25 ,562.16 ,556.79 ,1.24M,0.64%
27-Mar-15,557.55 ,561.83 ,564.07 ,556.93 ,1.73M,-1.08%
26-Mar-15,563.64 ,564.65 ,567.19 ,558.31 ,2.49M,-0.59%
25-Mar-15,567.00 ,577.57 ,580.07 ,567.00 ,2.65M,-1.82%
24-Mar-15,577.54 ,568.54 ,581.88 ,568.09 ,3.96M,2.15%
23-Mar-15,565.37 ,566.00 ,569.64 ,563.06 ,1.51M,0.07%
20-Mar-15,564.95 ,566.71 ,567.10 ,564.48 ,2.22M,0.23%
19-Mar-15,563.67 ,564.52 ,566.96 ,562.12 ,1.23M,-0.44%
18-Mar-15,566.16 ,557.73 ,566.51 ,553.50 ,1.77M,1.53%
17-Mar-15,557.61 ,558.29 ,560.64 ,554.41 ,1.44M,-0.72%
16-Mar-15,561.64 ,556.93 ,563.75 ,551.32 ,1.84M,1.56%
13-Mar-15,553.00 ,559.23 ,564.36 ,550.33 ,1.77M,-1.46%
12-Mar-15,561.17 ,558.48 ,561.84 ,555.53 ,1.78M,0.99%
11-Mar-15,555.69 ,559.80 ,564.18 ,555.41 ,2.03M,-0.74%
10-Mar-15,559.85 ,568.48 ,569.76 ,559.82 ,2.00M,-2.48%
09-Mar-15,574.10 ,570.92 ,575.45 ,569.05 ,1.17M,0.21%
06-Mar-15,572.90 ,582.00 ,582.78 ,572.06 ,1.88M,-1.47%
05-Mar-15,581.43 ,579.62 ,583.20 ,578.23 ,1.80M,0.54%
